level,line_quantity,width,height,score
aaeeeabbbeaaaeeccfffcdddfcccff,6,6,5,1622
dddffdaaafdddffbbeeebcccebbbee,6,6,5,1622
aaaffbbccfbddccbdeecbddedbbddd,6,6,5,1622
aaaabbbaaabaabbaaaaa,2,5,4,1628
bbbbbaabbabbbaaabbbb,2,5,4,1628
aaababbbabaaabbaaaaa,2,5,4,1628
abbbaaabbbabbaabbbbb,2,5,4,1628
aaaaabbbabaaabbaaaaa,2,5,4,1628
bbbbbaabbbabaaabbbbb,2,5,4,1628
bbbbbaabbabbbaaabbba,2,5,4,1628
bbbbbaabbbabaaababbb,2,5,4,1628
aaaaabbaabaaabccabbcaacc,3,6,4,1776
aaccabbcaabcccbccbbccccc,3,6,4,1776
bbbbbaabbbabccabcaabccbb,3,6,4,1776
aaaaaccabcaabcbbbccbbbbb,3,6,4,1776
bbbbbaabbbacccaccaaccccc,3,6,4,1776
aabbaccbacbbacaaaccaaaaa,3,6,4,1776
bbbbbaabbbabccaccaaccccc,3,6,4,1776
bbbbbaabbbabccabcaaccccc,3,6,4,1776
abccabbcaabcccbccbbccccc,3,6,4,1776
bbbbbaaabaccbaacbbacaaac,3,6,4,1776
aaaabbbaccbacbbacccaaaaa,3,6,4,1776
bbbbbaccbaacbbacaaacaccc,3,6,4,1776
cccccaaacccabbaabaabbbbb,3,6,4,1776
abbbabccabbcaabcbbbccccc,3,6,4,1776
bbbabaaabaccbaacbbacaaac,3,6,4,1776
aaaaaccaacaaacbbbccbbbbb,3,6,4,1776
cccccaaacccabbcabccabbbb,3,6,4,1776
aaaabcccbbbcccbccbbccccc,3,6,4,1776
cccccbbccbcccaaacccaaaaa,3,6,4,1776
aaaacccccbbcccbcbbbccccc,3,6,4,1776
aaaaaccaacaabcbbbccbbbbb,3,6,4,1776
bbbbbccbbcbbbccabbcaaaaa,3,6,4,1776
bbbddbcccdbcbbdbccbebbbbeaaaee,5,6,5,1947
aadddaeebbbeccbbeecbbcccbbbbbb,5,6,5,1947
bbbbbbaaabbbccbdddcbdcccedddee,5,6,5,1947
aaaaaacccaaddaaadeeebdddebbeee,5,6,5,1947
aadddabbbdaaabdbbbbebcccebbbee,5,6,5,1947
dddeedaaaedddeebbdddbcccdbbbdd,5,6,5,1947
aadddacccdaddddbdeeebdddebbbee,5,6,5,1947
aabbbacccbacaaaacccaaaaaa,3,5,5,1983
aaaaaabbcaabccaabbaaaabbb,3,5,5,1983
bbbbbbcccbbcaaabcccabbbaa,3,5,5,1983
aaaccabbbcabaacabbacaaaac,3,5,5,1983
aacccabbbccccbccbbbcccccc,3,5,5,1983
aaaaaaccccbcbbcbccbcbbbbc,3,5,5,1983
aaaaaacccabcaaabcccbbbbbb,3,5,5,1983
aaaaabbbbabccbcbcbbcbcccc,3,5,5,1983
aabbbaccccacaacaccacaaaac,3,5,5,1983
ccccccbbbccccbcaabbcacccc,3,5,5,1983
aaaaaabbbaabaaaabbccaaaac,3,5,5,1983
aaaaabbccabaacabaccabaaaa,3,5,5,1983
aaaacaccacbcaacbccccbbbbb,3,5,5,1983
aaaaaccccacaaaacccccbbbbc,3,5,5,1983
accccacaacaccabaaaabbbbbb,3,5,5,1983
aaaccbbbbccccbccbbbcccccc,3,5,5,1983
aabbbaccccacaaaacccaaaaaa,3,5,5,1983
aaaabaccabacaabbcccbbbbbb,3,5,5,1983
ccccccbbbbcbaabcbbacccccc,3,5,5,1983
abbbbaaaabcccabcaaacccccc,3,5,5,1983
ccccccaaaccccacaaaababbbb,3,5,5,1983
bbbbbbccccbbbbcaaabcbbbbc,3,5,5,1983
aaaaabbbbacccbacbbbcccccc,3,5,5,1983
accccacaacaccacaaaabbbbbb,3,5,5,1983
aaaacaccccbcbbbbcccbbbbbb,3,5,5,1983
aabbcaccbcacbbcaccccaaaaa,3,5,5,1983
aaaacaccccacbbbbcccbbbbbb,3,5,5,1983
aaaaaaccccacbbcbccbcbbbbc,3,5,5,1983
ccbbbcaaabcccabaaaabbbbbb,3,5,5,1983
cccbbcaaabcccabaaaabbbbbb,3,5,5,1983
aaaaabbbbabccbabcbbabccaa,3,5,5,1983
aaaaaabbbacccbacbbbacccaa,3,5,5,1983
accbbacaabaccabaaaabbbbbb,3,5,5,1983
bbbbbbccccbcaaabcccabbbaa,3,5,5,1983
aaaacaccccacbbbacccbaabbb,3,5,5,1983
aaaaaacccaacaaaacccbaabbb,3,5,5,1983
aaaaaabbbaaccbaacbbcacccc,3,5,5,1983
bbbbcbaabcbabbcbaaccbbbbb,3,5,5,1983
aabbbabbccabaacabbacaaaac,3,5,5,1983
aabbbacccbacaabaccabaaaab,3,5,5,1983
aaaaaabbbaaccbcacbbcacccc,3,5,5,1983
aaaaaacbbabccbabbbbaaaaaa,3,5,5,1983
aaaacabbacabaacabbbcaaccc,3,5,5,1983
ccccccbaaccbbacccaacaaacc,3,5,5,1983
ccccccaabccabbacaaaaccccc,3,5,5,1983
ccccccbbbccccbcaaabcbbbbc,3,5,5,1983
abbbbaaaabcccaccaaacccccc,3,5,5,1983
aaaaaacccabcbbbbcccbbbbbb,3,5,5,1983
aaaaabbbbabccbaacbbaaaaaa,3,5,5,1983
aaaaaabbbacccbccbbbcccccc,3,5,5,1983
aaaaabbbbabccbabcbbcbcccc,3,5,5,1983
abbbbaaccbbbbcbbcccbbbbbb,3,5,5,1983
aaaaabbbbacccbacaaaaccccc,3,5,5,1983
ccccccbbbbcccccaaaacacccc,3,5,5,1983
aaaaaaccccacbbbbcccbbbbbb,3,5,5,1983
abbbbaaaabbbbbbbccccbbbbc,3,5,5,1983
aaaacabcccabcbbabccbabbbb,3,5,5,1983
ccccccbbbccccbcabbbaaaaaa,3,5,5,1983
aaaaaabcccabcbbabccbabbbb,3,5,5,1983
bbbbcbaaccbabbbbaaabbbbbb,3,5,5,1983
aaabbacccbacaaaacccaaaaaa,3,5,5,1983
aaaaabbbbacccbccbbbcccccc,3,5,5,1983
aabbcabbccabaaaabbbaaaaaa,3,5,5,1983
aaaacbbbacccbaccbbacccccc,3,5,5,1983
aaaabcccabcaaabccccbbbbbb,3,5,5,1983
aaaaabbbbbccccbcbbcbccbbb,3,5,5,1983
aaaaaaccccbcbbbbcccbbbbbb,3,5,5,1983
aaaaabbbbacccbacbbbacccaa,3,5,5,1983
accccacaacaccacaaaacbbbcc,3,5,5,1983
aaaaaacccaacbbbbcccbbbbbb,3,5,5,1983
aaaababbababaababbbbaaccc,3,5,5,1983
abbbbaaaabcccabcaaabccbbb,3,5,5,1983
aaaaaacccaacaaaaccccaabbb,3,5,5,1983
aaaaaacccaacbbaaccbaaabba,3,5,5,1983
ccccccbbbccccbcabbbcaaacc,3,5,5,1983
aaaaaacccaacaaabccccbbbbb,3,5,5,1983
ccccccaaaccccacaaaacbbbcc,3,5,5,1983
bbbbbbaaccbabbcbaabcbbbbc,3,5,5,1983
ccccccbbbccccbcaabbcabbcc,3,5,5,1983
abbbbabccbabbcbaaccbbbbbb,3,5,5,1983
aaaaaaccccacbbcaccbcaabbc,3,5,5,1983
aaabbbbaabbccabbcaabbbbbb,3,5,5,1983
aaaccabbbccccbccbbbcccccc,3,5,5,1983
aaaccbbbbcbccbcbcbbcbcccc,3,5,5,1983
aaaaaabbbacccbacbbbcccccc,3,5,5,1983
aaaaaabbbaaccbaacbbaaccaa,3,5,5,1983
aaafffabbbggbbebbgbdeebgcddbbhccbbhh,8,6,6,1990
aaeeeeacccggbcfccgbdffchbddcchbbcchh,8,6,6,1990
aaddggaccddgbceedgbdeddhbdddhhbbbfff,8,6,6,1990
aaddddaeeggdbeffghbeefehbbeeehcccchh,8,6,6,1990
aaeeeaffgebfggfbffffbbbbbcdddbccbbb,7,7,5,2108
aaafffbbbbbfbddebfcdeebgcddbbgccccgg,7,6,6,2275
aaafffbbdddfbddcdfbdccgfbddggebbeeee,7,6,6,2275
ccccffcaaaafcaddafcbdaagcbbbggcceeee,7,6,6,2275
aacccaddddadbbdaddbaabbbaaaaaa,4,6,5,2433
aaaaabbccabddcabdccbbdddbbbbbb,4,6,5,2433
aaaaaacccaaddcbbdccbbdddbbbbbb,4,6,5,2433
bbbbbbaaabbbccbdddcbdcccdddddd,4,6,5,2433
aaaaaadddaadbbabddbabbbbacccaa,4,6,5,2433
cccddcaaadcccadaaaadabbbdaaddd,4,6,5,2433
aacccadddcadcccaddaaabbbaaaaaa,4,6,5,2433
ccccccaaaccbbaccbaadcbbbdcccdd,4,6,5,2433
aaaaaadddabdaaabddddbcccdbbddd,4,6,5,2433
aaaaaaddbbbdccbbddcbbcccbbbbbb,4,6,5,2433
aaaaaacccaacaaaacaddbcaadbbbdd,4,6,5,2433
aaaaaacccaaddcabdccbbdddbbbbbb,4,6,5,2433
aacccabbbcaddccadaaaadddaaaaaa,4,6,5,2433
aaaaaaddddbdccdbddcbbcccbbbbbb,4,6,5,2433
bbbbbbdddbbdccbbddcabbccaaaaaa,4,6,5,2433
aaaaabbccabddcbbdccbbdddbbbbbb,4,6,5,2433
bbbbbbcccbbcaabbccabbaaadbbddd,4,6,5,2433
ddddddaaaddddadbbaabbcccbbbbbb,4,6,5,2433
aaabbacccbaddcbbdccbbdddbbbbbb,4,6,5,2433
aaaaabbbbabddbabdbbccdddcccccc,4,6,5,2433
dddaadaddadaaaadbbbbdcccbddbbb,4,6,5,2433
aaaaaaddddadccdbddcdbcccbbbbbb,4,6,5,2433
aabbbacccbaddcbbdccbbdddbbbbbb,4,6,5,2433
aaccaaddcaadccaaddbaabbbaaaaaa,4,6,5,2433
aadddabbbdaaabdbbbbdbcccdbbddd,4,6,5,2433
ddddddaaaddbbdddbcccdbbbcdddcc,4,6,5,2433
bbbddbaaadbccabbcaabbcccbbbbbb,4,6,5,2433
aaaaabbbbabddbacdbbccdddcccccc,4,6,5,2433
bbbbbbccddbcaadbccadbaaadbbddd,4,6,5,2433
aaaaaadddaadccabddcbbcccbbbbbb,4,6,5,2433
bbbddbaaadbbdaddddcddcccdddddd,4,6,5,2433
bbbddbaaadbddddbdcccbdddcbbbcc,4,6,5,2433
aabbbadddbadccbbddcbbcccbbbbbb,4,6,5,2433
bbbddbcccdbcbbdbccbdbbbbaaaaaa,4,6,5,2433
aaaaaddddddcccddddcdbcccdbbbdd,4,6,5,2433
bbbbbbdddbbdccbbddcbbbccbaaabb,4,6,5,2433
aaaaaacccaaddcabdccabdddabbbaa,4,6,5,2433
aadddabbbdaaabdccaddcdddcccccc,4,6,5,2433
aaaaaacccaaddcbadccbbdddbbbbbb,4,6,5,2433
aaaaaaeefaaeffabeeaabbeeeccccedddee,6,7,5,2459
aaeeeaccceaeeeebefffbeeeebdddebbbee,6,7,5,2459
ccceecaaaecccaebbceebccefbdddfbbbff,6,7,5,2459
ddddddbbbddddbeccdeecddefcceefaaaff,6,7,5,2459
aaaaafbbccafbddcafbdccbfbddbbebbbbee,6,6,6,2654
bbbbffbaaaafbbddffdddeeedcccceddeeee,6,6,6,2654
aaaaaaacccffbceccfbdeecfbddccfbbccff,6,6,6,2654
aaaaffacceefacddefbcdeefbcccffbbbbbb,6,6,6,2654
aaaaffbbbbbfbddebfcdeecfcddccfccccff,6,6,6,2654
bbbdddbaaaadbbddddeeefffeccccfeeefff,6,6,6,2654
aaaaeebbdddebddcdfbdccbfbddbbfbbbbff,6,6,6,2654
aaccccaccddcaeeedebedddebeeeeebbbfff,6,6,6,2654
abbdddabffffabfeefacffefacceecaacccc,6,6,6,2654
aaeeffaeeddfbeddffbeeeeebbbcceccccee,6,6,6,2654
aaddddaccccdaceecdadeccdbdddddbbbfff,6,6,6,2654
aaaeeebbbbbebcccbfbcbbbfbccddfbbddff,6,6,6,2654
aaaaaabbcccabddecabdeefabddffabbaaaa,6,6,6,2654
aaaeeeafffffafdddfbfffdfbccddfbbccff,6,6,6,2654
dddddfdaaadfdbbadfdbaacfdbbcceddddee,6,6,6,2654
aaafffbbbbbfbccdbfbcddbfbccbbebbeeee,6,6,6,2654
aaaaaaaccddaaceedaadeddfbdddffbbbbbb,6,6,6,2654
bbbbffbccbbfbcdddfbcccdfbbdddeaaaeee,6,6,6,2654
aaccccaddddcadeedcbdeddfbdeeefbddfff,6,6,6,2654
aaccffaccddfaceedfbceddcbceeecbccccc,6,6,6,2654
aaaaafacccafaddcafbdccdfbddddebbeeee,6,6,6,2654
aaeeeeabbbbeaaaeeeccffffcddddfcccfff,6,6,6,2654
aaaabbbabaaababbbaabbbbb,2,6,4,2664
bbbbbaaabbbaaabaabbaaaaa,2,6,4,2664
bbbbbaabbbabaaababbbaaaa,2,6,4,2664
bbbbbaabbabbbaaabbbaaaaa,2,6,4,2664
dddccdbbbcdddbcccdcccddcecccceaaaee,5,7,5,2951
aaaaaaccdaccddecbdeecbdddcbbbdcccdd,5,7,5,2951
dddeedaaaedddaeaaaaeabbbbacccbaaabb,5,7,5,2951
ccceecbbbecccbeaacbeaccdeacddcacccc,5,7,5,2951
bbdddbcccdbbbcdddbdddbbdeddddeaaaee,5,7,5,2951
aadddaccedcceedcbeddcbeeecbbbecceee,5,7,5,2951
aacceaddceadcceddceedbcccdbbbcdddcc,5,7,5,2951
ccccccaaaccccadbbcddbccdebdddebbbee,5,7,5,2951
aaaaeaccaeacaaeacaeeadaaabdddabbbaa,5,7,5,2951
aaeeeabbbeaccbeaacbbcccdbcdddbccbbb,5,7,5,2951
addddadccdaddceaadbedddbedbbbdddddd,5,7,5,2951
aaaaaadddabdaaabbaeecbaaecbbbecccee,5,7,5,2951
bbdddbcccdbbbcbaabcbabbebabeebabbbb,5,7,5,2951
aaaaaaceeabcceebbcdecccdecdddecceee,5,7,5,2951
bbdddbcccdbcdddbcdeebbddeabbdaaaaaa,5,7,5,2951
aacccaddddadeedddedddbeeedbbbedddee,5,7,5,2951
aaaeeaccceccddecbdeecbdddcbbbdccddd,5,7,5,2951
acceeacddeaccdeaacddcccbdcbbbdccddd,5,7,5,2951
aaaeebbaaebccaebbcaacccdacdddacccaa,5,7,5,2951
ccceecdddecdccecddcecccceabbbeaaaee,5,7,5,2951
ddddddcccddddcdaadedaddedbdeedbbbdd,5,7,5,2951
aaaaabbddabeedbbeddbbeeebbcccbbbbbb,5,7,5,2951
accccacddcaccdcaacdbcccbbcbbbecceee,5,7,5,2951
ddddddcccddddcdaadceaddeebdeebbbbbb,5,7,5,2951
aaaeeccccecbbceccbccbbbdcbdddbbbbbb,5,7,5,2951
aaaaaaccbaacbbeadbeeadbbbbdddbbbbbb,5,7,5,2951
aaaddacccdaceedcceddcbeeecbbbecccee,5,7,5,2951
bbdddbcccdbbbcdaabcdabbedabeebabbbb,5,7,5,2951
aacccadddcadeecddeccdbeeedbbbedddee,5,7,5,2951
aaaaaaeeeabeddabeedabdddbbbbbbccccc,5,7,5,2951
ddddddbbbddddbeaadbeaddceadcceaddee,5,7,5,2951
aaaaeaddaebdaaebdaeebbaaacbbbacccaa,5,7,5,2951
aacccaccddcceedcbeddcbeeecbbbecccee,5,7,5,2951
bbdddbcccdbbbcdaabccabbecabeecabbcc,5,7,5,2951
aaaeeacaaebccaabbcdacccdacdddcccccc,5,7,5,2951
aacccaccdcacddeccdeecbdddcbbbdccddd,5,7,5,2951
addddadccdaddceaadcedddbedbbbdddddd,5,7,5,2951
aaaaaadddaadaaabdaeebbaaecbbaecceee,5,7,5,2951
aaeeeabbbeaaaaeeeeeeeccccedddceeccc,5,7,5,2951
aaaffbbddfbccdgccddgcedggceddddeeedddddd,7,8,5,3023
aaeeeaddggbdffgbddfgbbdcgdddcgdcccgddggg,7,8,5,3023
aacccabbbcbbcccbecffceccfceecfccccgdddgg,7,8,5,3023
eeeeeeccceeeecdaaeddaeedgbeddgbeeggbbfff,7,8,5,3023
aadddaffffafeefbffegbbfegfffcgfcccgfffgg,7,8,5,3023
aaaddebbbbdebccbdebcbbdebccddebbddee,5,6,6,3185
acccddaaaccdbbbbcdbddccdbdeeedbddddd,5,6,6,3185
bbbbbbbaaeebbbaaebdddacbdccccbddbbbb,5,6,6,3185
aabbbbabbddbabeedbabeddbaceeebaccbbb,5,6,6,3185
aabbeeabbcceaeeeceaeccceaeeeeeaadddd,5,6,6,3185
abbeeeaabbbedddcbbdcccdbdddddbbbbbbb,5,6,6,3185
aaaaaaabbbbabbddbabadbbacaaaaacceeee,5,6,6,3185
aaaaaaabbddaabeedcaceddcaceeecaccccc,5,6,6,3185
dddddddaaccddabbcddabccedaaaaeddddee,5,6,6,3185
bbbeeebaaaaebccdaebcddaebccaaebbbbee,5,6,6,3185
aabbbbabbddbbbeedcbceddcbceeecbccccc,5,6,6,3185
aaaaaeacccaeaddcaebdccabbddaabbbbbbb,5,6,6,3185
aaabbeacccbeaddcbeadccbebddbbebbbbee,5,6,6,3185
aaaaaabbdddabddcddbdccedbddeebbbbbbb,5,6,6,3185
aabbbbaccddbaceedbaceddbaceeebacccbb,5,6,6,3185
bbddddbddbbdbdccbebddcbebbbbbeaaaeee,5,6,6,3185
aaaabbbbcccbbddecbbdeedbbddddbbbbbbb,5,6,6,3185
dddeeedaaaaeddddeebbccccbccbbcbbbbcc,5,6,6,3185
aaaaeeacccceaeeeeebeddddbeeeedbbdddd,5,6,6,3185
bbbbbbbaaaabbccdabbcddabbccaaebbaaee,5,6,6,3185
aaaaaaaccceaaddceaadcceabddeeabbbbaa,5,6,6,3185
aaadddabbbbdabeebcacebbcaceeecaccccc,5,6,6,3185
aaaaadbbbbadbccbadbcbbddbccddebbddee,5,6,6,3185
aabbbbabbccbabddcbabdccdabddddabbeee,5,6,6,3185
aaaabbacceebacddebbcdeebbccccbbbbbbb,5,6,6,3185
aaeeeeabbbbebbceeebdcccccddddccccccc,5,6,6,3185
aaaaaaaceeeabceddabceedabccddabbaaaa,5,6,6,3185
ddddbbdaaaabdbbcabdbccbbdbbbbeddddee,5,6,6,3185
dddddddaaaaddaccdddbceeedbbbbedddeee,5,6,6,3185
aaaaaaacceeaccddeccbdeeccbbbbccccccc,5,6,6,3185
aeeeeeaebbbeaecceeaecdddaeeeedaaaadd,5,6,6,3185
bbccccbeeeecbeddebbeedbbbbbbbaaaaaaa,5,6,6,3185
aaacccaeeeecaeddecbedeecbedddcbeeecc,5,6,6,3185
aabbccabbddcbbeedcbceddcbceeecbccccc,5,6,6,3185
aaaaaaaccccaaddecaadeedabddddabbaaaa,5,6,6,3185
aabbbbabbeebabddebacdeebbccccbbbbbbb,5,6,6,3185
acccccaceeecaceddcbceedcbccddcbbbbcc,5,6,6,3185
aaaaaaaccccaaceecbadeccbbddddbbbbbbb,5,6,6,3185
aaabbacccbacbbbacbccacbbcacccc,3,6,5,3244
bbbccbaaacbccccbcbbbbcccbbbbbb,3,6,5,3244
aacccabbbbaaaabbbbabbaaabbbbbb,3,6,5,3244
aaaaaabbbaabaaabbaccbcaacbcccc,3,6,5,3244
aaaaaacbbabcbaabcbbbbcccbbbbbb,3,6,5,3244
abbbbabcccabbbcaaabcbbbbcccccc,3,6,5,3244
ccccccaaaccccacbbcacbaaacbbbcc,3,6,5,3244
bbbbbbaacbbbacbaaacbabbbbaaaaa,3,6,5,3244
aaaaaacccaacaaaacabbbcaabbbbbb,3,6,5,3244
ccccccaaaccccacaaaacabbbcaaabc,3,6,5,3244
aaaaaabbbaabaaaabaccabaacabbbb,3,6,5,3244
abbbbabaabababbacaaaacccaaaaaa,3,6,5,3244
ccccccaaaccccacbbcacbccbcbbbbc,3,6,5,3244
bbbbbbaaabbccabbcaabbccbbbbccc,3,6,5,3244
bbbbbbcccbbcbbbbccccbbbbbaaaaa,3,6,5,3244
aaaaabbccabaacabaccabaaaabbbbb,3,6,5,3244
aaaaaacccaacaaaacabbacccbaabbb,3,6,5,3244
bbbbbbaaabbbcabcccaccaaacccccc,3,6,5,3244
ccccccaaaccccacaaaababbbbaaaaa,3,6,5,3244
aaaaaccccacaaaacccccbbbbcbcccc,3,6,5,3244
bbbbbbaaaabbbbacccbccbbbcccccc,3,6,5,3244
bbbbcbaabcbbaccaaacaacccaaaaaa,3,6,5,3244
aaaaaabbbabbaaabcaccbcaacbcccc,3,6,5,3244
aaaaaaccccacbbcbccbcbbbbcccccc,3,6,5,3244
aaaaaabbbaabaaaabaccacaacacccc,3,6,5,3244
bbbbbbaaabbbbabaaaababbbbaaccc,3,6,5,3244
bbbbcbaabcbbabcaaabaabbbaaaaaa,3,6,5,3244
aaaaaccccacaaaacabbbcaaabcccbb,3,6,5,3244
aaaaaacccaacbaaacbbbacccbaabbb,3,6,5,3244
aaaccbbaacbccccbcbbbbcccbbbbbb,3,6,5,3244
bbcccbaaaababbabaababbbbaaaaaa,3,6,5,3244
aaaaaabbbaabaaaacaccacaacacccc,3,6,5,3244
bbbbcbaabcbbabcaaabcabbbcaaccc,3,6,5,3244
ccccccaaaccccacbbcacbccacbbbaa,3,6,5,3244
bbbbbbaacbbbacaaaacaacccaaaaaa,3,6,5,3244
bbbbbbcccbbcbbbbccccbbbbcaaacc,3,6,5,3244
bbbccbaaacbccacbcaacbccccbbbbb,3,6,5,3244
bbbbbbaccbbacbbbacccbaaacbbccc,3,6,5,3244
aacccabbbcaccccacaaaacccaaaaaa,3,6,5,3244
bbbbbbaacbbbacbaaacbacccaaaaaa,3,6,5,3244
ccccccaaaccccabbbcabbaaabbbbbb,3,6,5,3244
bbbbbbaacbbbacbaaacbacccbaaabb,3,6,5,3244
aaaccbbaacbccacbcaacbccccbbbbb,3,6,5,3244
ccccccaaaccccacbbcacbccabbbbbb,3,6,5,3244
aaaaaabbbaabccaabcaaabcccabbbc,3,6,5,3244
aaaccbbbbcbccccbcbbbbcccbbbbbb,3,6,5,3244
bbbbbbaaabbbcabcccbbcbbbcccccc,3,6,5,3244
bbbbcbaabcbabbcbacccbaaaabbbba,3,6,5,3244
cccbbcaaabcccabbbcabbccabbbbbb,3,6,5,3244
bbbbcbaabcbbabcaaabcabbbaaaaaa,3,6,5,3244
bbbbbbaaaabbbbacccbacbbbcccccc,3,6,5,3244
ccccccaaaccccacbbaacbccccbbbbb,3,6,5,3244
bbbbbbaaabbbcabcccabcbbbbccccc,3,6,5,3244
accccacbbcacbccbcbbbbcccbbbbbb,3,6,5,3244
accccaaaacbbbaccccaccaaacccccc,3,6,5,3244
aaaaabbbbabccbabcbbaacccaaaaaa,3,6,5,3244
aaaaabbccabccaabcbbbbcccbbbbbb,3,6,5,3244
aaaaaacccaacaaabcabbbcaabbbbbb,3,6,5,3244
aaaaaacccaacaaaacbbbacccbaabbb,3,6,5,3244
bbbbbbcccbbcbbbbccccbbaacaaacc,3,6,5,3244
aaaaaccccacbbcacbccbcbbbbccccc,3,6,5,3244
bbbbbbcccbbcbbbbccaabbbbaaaaaa,3,6,5,3244
bbbccbaaacbacccbaaaabbbbaaaaaa,3,6,5,3244
aaaaaabbbaabaaaabaccabaacabbcc,3,6,5,3244
aaaaaacccaacaaabccccbbbbcccccc,3,6,5,3244
aaaaabbbbabccbabcbbabcccabbaaa,3,6,5,3244
aaaaabbbbabaabababbabaaaabbccc,3,6,5,3244
bbbbbbccccbcbbcbccbcbbbbcaaacc,3,6,5,3244
aaaaaacccabcaaabcaccbcaacbcccc,3,6,5,3244
ccccccaaaccccacaaaacabbbcaaacc,3,6,5,3244
aaaaaacccabcaaabcabbbcccbbbbbb,3,6,5,3244
bbbbbbaaabbbcabcccabcaaacccccc,3,6,5,3244
aaaaaacccabcbbabccbabbbbaaaaaa,3,6,5,3244
aabbbacccbacbbbacaaaacccaaaaaa,3,6,5,3244
aaaaabbbbabaaaacaccccaaacccccc,3,6,5,3244
bbbbbbaaaabbbbacccbacbbbacccaa,3,6,5,3244
aaaaaccccacbbcbcbccbcbbbbccccc,3,6,5,3244
ccccccbbbbcbaabcbbabcaaacccccc,3,6,5,3244
aaaaaaccccbcbbcbccbcbbbbcccccc,3,6,5,3244
aaaaaacccaacaaaacbbbbcccbbbbbb,3,6,5,3244
aacccabbbcaacbccccbccbbbcccccc,3,6,5,3244
bbcccbccaabcbbabccbabbbbaaaaaa,3,6,5,3244
bbbbbbaaaabaccabaacabbccaaaaaa,3,6,5,3244
bbbbbbaaabbbbaccccaccaaacccccc,3,6,5,3244
bbbbbbaaabbbcabcccabcaaabccbbb,3,6,5,3244
aabbbacccbacbbbacbaaacccaaaaaa,3,6,5,3244
ccccccbbaacbccacbbcaccccaaaaaa,3,6,5,3244
ccccccbbbbcaaabcccabaaaababbbb,3,6,5,3244
ccccccaaaccccacbbaacbaaccbbbbb,3,6,5,3244
bbbbbbaaabbbbabcccabcaaacccccc,3,6,5,3244
ccccccaaaccccacbbbacbaaacbbccc,3,6,5,3244
ccccccaaaccbbaccbaabcbbbbccccc,3,6,5,3244
bbbbcbaabcbbabcaaaccacccaaaaaa,3,6,5,3244
ccccccbaaacbccacbbcaccccaaaaaa,3,6,5,3244
aabbbabbccaaaaccccaccaaacccccc,3,6,5,3244
ccccccbbbbcbaabcbbaccaaacccccc,3,6,5,3244
aacccabbbcaaabcbbbbcbccccbbbbb,3,6,5,3244
ccccffcbbccfccbbcgaddbcgadbbdgaddddeaaeeee,7,7,6,3449
aaaaaaafffeabfeeeabffaaabbbbggcddddgcccggg,7,7,6,3449
aaaaagadddagadaaagbdaeegbbaaefcbbeefcceeff,7,7,6,3449
aaccffaccddfbceedfbceddfbceecfbccccgbbbbgg,7,7,6,3449
aeeeeeaedddeaeeedeaaaedfbbeeffbccffgbbccgg,7,7,6,3449
aaaaaadddabdaaabdaffbbaafcbbaecaaaecceee,6,8,5,3527
dddeedcccedddceaadeeaddefbdeefbdddfbbbff,6,8,5,3527
aaaffadddfadeefbddeebbdcedddcedccceddeee,6,8,5,3527
eeeeeeccceeeecdaaecdaeeddaeddfbeeefbbbff,6,8,5,3527
aadddabbbdaeebdeebbfecbffecbbbecccbeeebb,6,8,5,3527
aaaaaaddffbdeefbddedbbdeddddcddcccdddddd,6,8,5,3527
aabbbadddbabbbbabfffbbfccbeffcceeecccccc,6,8,5,3527
aaaaaadddabdaaabbaeecbaaecbbafccaafaaaff,6,8,5,3527
aaaaabbbbabddbfcdbbfcebffcebbbbeeebbbbbb,6,8,5,3527
dddccdbbbcdbcccddcffadccfaddcfaccceaaeee,6,8,5,3527
aaaeeccaaecddaecdaafccaffbcaaabcccabbbaa,6,8,5,3527
aabbbadddbddbbbdcbeedcbbedccbfddbbfbbbff,6,8,5,3527
aaaaaaddddadeedbddefbbdcfdddcfdcccfddfff,6,8,5,3527
aaaaabbddabeedfbeddfeedffecdddecccdeeedd,6,8,5,3527
dddeedaaaedbbaedbaafdcaffdcaaadcccaddaaa,6,8,5,3527
aaaeeafffebfddebffddbbfcdfffcffcccffffff,6,8,5,3527
aaaeebbaaebccafbcaafbdaffadaaaadddaaaaaa,6,8,5,3527
aaaeeabbbeaddbfddbbfdcbffdcbbbdcccbdddbb,6,8,5,3527
aaaeebbbbebddbfbdbbfcdbffccbbbbcccbbbbbb,6,8,5,3527
aaaaaacccaacaaabcaeebdaaebddafbaaafbbbff,6,8,5,3527
aaaeebbbbebddbebdbbfbdbffcdbbbcdddbccbbb,6,8,5,3527
aaaaaaddccadeecbddecbbdecdddccdcccfddfff,6,8,5,3527
aadddaccccaceecaccebaacbbcccbfcbbbfccfff,6,8,5,3527
cceeecdddecccdeaacdeacceeaceefbcccfbbfff,6,8,5,3527
aaaeeccbbecddbfcdbbfccbffbcbbbbcccbbbbbb,6,8,5,3527
aaaaabbbbabddbfbdbbfcdbffcebbbceeebccbbb,6,8,5,3527
aafffaffeeafddebffddbbfcdfffcdfcccffffff,6,8,5,3527
cceeecdddecccdeaaceeaccefaceefbccffbbbbb,6,8,5,3527
cceeecdddecdeeecceffaceefacccfaaaafbbbff,6,8,5,3527
ffffffcccffffcdaafddaffdebfddebffeebbfff,6,8,5,3527
aaaffbbbbfbeebfcebbfccbffdcbbbdcccbdddbb,6,8,5,3527
aaeeeabbbeaccbeacbbfacbffadbbbadddbaaabb,6,8,5,3527
dddeedcccedddceaadceaddeeadeefbddffbbbbb,6,8,5,3527
aaeejjjaddejhhbdeejjhbbeggjjcbeegejcbbeeeiccfffii,10,7,7,3660
aaaadaccadacaadbcaddbbaaaabbbaaaaaa,4,7,5,3689
bbbaabaddabaadabbadaaaacaacccaaaaaa,4,7,5,3689
ddddddcccddddcdaadcdaddcdbdccbbbbbb,4,7,5,3689
accccacddcaccdcaacddcccbdcbbbdccddd,4,7,5,3689
bbbddbabbdbaabbbbacbaaacbacccaaaaaa,4,7,5,3689
aabbbadddbadccbaddcbabbcbabccbabbbb,4,7,5,3689
aaaaaadddabdaaabbabbcbaabcbbabccbbb,4,7,5,3689
aadddabbbdabdddabdaaacddaacccaaaaaa,4,7,5,3689
bbdddbcccdbbbcdaabcbabbcbabccbabbbb,4,7,5,3689
bbbddbabbdbaabdbbabbaaacbacccbaabbb,4,7,5,3689
ccccccbbbccccbcaacbcaccbcacbbdaccdd,4,7,5,3689
aaaaaabbcaabccdabcddabcccabbbcaaccc,4,7,5,3689
aacccabbbcaccccacdddacdccacddcacccc,4,7,5,3689
aaaadabbadbbaadbcaddacaaaacccaaaaaa,4,7,5,3689
ccccccaaaccbbacccbacbbbdcbdddcbbccc,4,7,5,3689
aaaaaaccbaacbbdbcbddbcbbbbcccbbbbbb,4,7,5,3689
aaaaaddddadaaaadacccdaaaaddddabbbda,4,7,5,3689
aaaaaabbbabbccabdcaacdccccdddcccccc,4,7,5,3689
bbaaabcccabcaaabbaddabaadabbadaaaad,4,7,5,3689
ccccdcbbcdcbccdcbaadcbbaccaaacccccc,4,7,5,3689
aaaaaaccccacbbcacbccacbbdaccddaaccc,4,7,5,3689
accccadddcadaccadaabaddabaaaabbbbbb,4,7,5,3689
aaaaaaccdaacddaccdaacbdddcbbbdccddd,4,7,5,3689
ccccdcddcdcdccdcddddcaaaacbbbaccaaa,4,7,5,3689
ccccccaaaccaddccadcccbdddcbbbdcccdd,4,7,5,3689
aaaaaacddabccdabbcaacccaccaaacccccc,4,7,5,3689
ccccccaaaccccabbbcdbbccdbbdddbbbbbb,4,7,5,3689
accccacbbcaccbcaacbccccbccbbbdcccdd,4,7,5,3689
aaaaaaccbaacbbaacbaaadbbbbdddbbbbbb,4,7,5,3689
ccccccaaaccbbacccbdcbbbdbbdddbbbbbb,4,7,5,3689
aaaadaccadbcaadbbaddabaaaabbbaaaaaa,4,7,5,3689
bbaadbccadbcaadbbaddabaaaabbbaaaaaa,4,7,5,3689
aabbdaccbdbcbbdbcbddbcbbbbcccbbbbbb,4,7,5,3689
aaaadabbadabaadbbaddbcaaaacccaaaaaa,4,7,5,3689
cccaacbbbacbaaaccaddacaadaccadaaaad,4,7,5,3689
aaaadaccadccaadcbaddcbaaacbbbacccaa,4,7,5,3689
aaaaaabbbaabccabbcaabdccccdddcccccc,4,7,5,3689
ddddddcccddcbbddccbddddbdabbbdaaddd,4,7,5,3689
ccccccaaaccaddccbdcccbdddcbbbdcccdd,4,7,5,3689
accddacbbdaccbdaacbdcccbdcbbbdccddd,4,7,5,3689
ccccccaaaccccacbbcadbccddbdddbbbbbb,4,7,5,3689
aaaaaacccaacaaaadabbadaabbdddbbbbbb,4,7,5,3689
bbdddbcccdbbbcdddbdddbbdaddddaaaaaa,4,7,5,3689
addddadccdaddcbaadbbdddbddbbbdddddd,4,7,5,3689
bbdddbcccdbbbcbaabcbabbcbabccbabbbb,4,7,5,3689
aaaaaacccaccddacbdaacbdddcbbbdcccdd,4,7,5,3689
cccddcbbbdcccbdaacbdaccddacddcacccc,4,7,5,3689
aaaaaacccabcaaabcabbbdaabbddabbbbbb,4,7,5,3689
aaaaaadddaadaaabdabbbbaabcbbbbccccc,4,7,5,3689
ccccccaaaccccacbbcacbccdcbdddcbbccc,4,7,5,3689
ccccccaaaccccacbbcdcbccdcbdddcbbbcc,4,7,5,3689
ccccccbbbccccbdaacbdaccbdacbbcacccc,4,7,5,3689
aaaaaabbbbbbccbbdcbbbdccccdddcccccc,4,7,5,3689
aaaaaacccaaddcabdccabdddabbbdaaaaaa,4,7,5,3689
aaaaaacccaacbbabcbaabdbbbbdddbbbbbb,4,7,5,3689
cccaacbbbacbaaacbaddccaadaccadaaaad,4,7,5,3689
aaaaaacccaacaaaacabbadaabbdddbbbbbb,4,7,5,3689
aaaaaacccabcaaabcaddbcaadbccabbbbbb,4,7,5,3689
ddddddbbbddddbbaadcbaddcbadccbaddbb,4,7,5,3689
ccccccaaaccbbaaccbdabbbdabdddabbaaa,4,7,5,3689
accccacbbcaccbdaacbdcccbdcbbbcccccc,4,7,5,3689
bbbccbaaacbbbbcdddbcdbbbcdccccddddd,4,7,5,3689
ddddddbbbddddbdaadbbaddcbadccdadddd,4,7,5,3689
aaaaaccccacbbcaccbccbbbdcbdddcbbbcc,4,7,5,3689
aaabbacccbbcbbbbcbddbcbbdbccbdbbbbd,4,7,5,3689
aaaaaacccaacaaabcaddbcaadbccadbbaad,4,7,5,3689
cccddcaaadcccadbbcddbccdbbdddbbbbbb,4,7,5,3689
aacccabbbcaaabcccabccaadccdddcccccc,4,7,5,3689
aaaaaaabbbbaabddbaacdbbdacddddaccccc,4,6,6,3981
aaadddabbbbdabddddacdcccacdddcaccccc,4,6,6,3981
bbbbbbbcccccbcaaacbcccacbbaaadaaaddd,4,6,6,3981
bbbbbbbccccbbcbbbbbccdddbaaaadbbdddd,4,6,6,3981
aaaaadacccadaddcadbdccddbddddbbbbbbb,4,6,6,3981
aaaaadacccadaddcddbdccdbbddddbbbbbbb,4,6,6,3981
bbccccbdddddbdaaadbdddadbbbaadaaaadd,4,6,6,3981
bbbbbbbccccbbcaaabbcccadbbbaadaaaadd,4,6,6,3981
aaadddbbadcdbaaccdbaccddbaaddbbbbbbb,4,6,6,3981
dddddddbbccddbccdddbbbbbdddddbaaaabb,4,6,6,3981
bbbbbbbaaaabbccbbbbcbbddbccccdbbdddd,4,6,6,3981
cccccbcaaacbcccabbaaaabdabbbbdaadddd,4,6,6,3981
aabbbbaccddbacbbdbacbddbacbbbbaccccc,4,6,6,3981
abbbbbabcccbabcbbbabccaaabbaadaaaadd,4,6,6,3981
aaaaaaaccccabcaacabdaccabdaaaabddddd,4,6,6,3981
aabbaaaccbbaacddbaacdbbaaccccaaaaaaa,4,6,6,3981
aaabbbbbccdbbddcdbbdccdbbddddbbbbbbb,4,6,6,3981
aaabbdccccbdcbbcbdcbccbdcbbbbdccccdd,4,6,6,3981
aaaaaaaccccaaddaaaadbbbbbddddbbbbbbb,4,6,6,3981
bbddddbddbbdbdccbdbddcbdbbbbbdaaaddd,4,6,6,3981
aaaaaaabbbbaabddaaacdcccacdddcaccccc,4,6,6,3981
aaaaaacccccacaabcacabbaacaaaadcccddd,4,6,6,3981
bbbcccbddddcbdccccbdddaabbbddaaaaaaa,4,6,6,3981
bbbcccbaaaacbdddabbdaaabbddddbbbbbbb,4,6,6,3981
bbddddbddaaabdcccabdddcabbcccaaaaaaa,4,6,6,3981
abbbbbabddddabdccdabddcaabbccaaaaaaa,4,6,6,3981
aaadddadddccbdbbbcbdddbcbbbbbccccccc,4,6,6,3981
bbbbbbbddddbbdccdbbddcdabbccdaaaaaaa,4,6,6,3981
aaaaaaaddddaadccdabdcddabdccaabddddd,4,6,6,3981
aaaaddabbbbdbbddddbcdcccbcdddcbccccc,4,6,6,3981
aabbbbabbccbabddcaabdccaabdddaaaaaaa,4,6,6,3981
cccccccaaaaccccbacbbbbadbaaaadbbdddd,4,6,6,3981
dddddddaaaaddabbdddabcccdabbbcddddcc,4,6,6,3981
aaccccaddddcadccccbdcdddbdcccdbddddd,4,6,6,3981
bbbbbbbcccddbcaaadbcccadbaaaadbbbddd,4,6,6,3981
bbbbbbbaaaabbbbbabcccaabcbbbbbccdddd,4,6,6,3981
aaaaaaaddddabdbbdabddbdabbbbcaccccca,4,6,6,3981
bbbbbbbaaddbbaddbbbadcccbadddcbbbccc,4,6,6,3981
aaadddbbadadbaadadcaddadcaaaadccdddd,4,6,6,3981
aaaaaabbbccabdddcabdcccaaddddaaaaaaa,4,6,6,3981
bbbbbbbccccbbcaacdbccacdbaaacdbbdddd,4,6,6,3981
aaccccabbbbcaaaabcdddaccdaaacddddddd,4,6,6,3981
bbccccbaaddcbaddccbaaaaabbbbbaaaaaaa,4,6,6,3981
aaddddabbbbdaaaabcbbbbbcbcccccbbbbbb,4,6,6,3981
aabbbbabbddbabddbbacdcccacdddcaccccc,4,6,6,3981
bbccccbccddcbcbbdcbccbccbbbbcaaaaaaa,4,6,6,3981
bbccccbaaaacbabbadbaabadbbbbadaaaaad,4,6,6,3981
aaabbbaccccbacddcbbcdccbbcdddbbbbbbb,4,6,6,3981
aaaaaaabbbbaabddbcabdbbcacdddcaccccc,4,6,6,3981
bbbbbdbaaabdbccabdbcaabdbccbbcbbcccc,4,6,6,3981
bbbbbbbcccccbcaaacbcccadbbaaadaaaddd,4,6,6,3981
aaacccaddddcbdccccbdcbbbbddddbbbbbbb,4,6,6,3981
bbbbbbbaaddbbbaadbcccddbcbbbbbcccccc,4,6,6,3981
cccccccaaaacccccacbbbbacbaaaadbbbddd,4,6,6,3981
aaaaadbbddddbddbbbbdcccbbdddcbbbbbbb,4,6,6,3981
aaaaaaaccccaacaaaabcadddbdaaadbddddd,4,6,6,3981
aaaaaaaccccaacddcabcdccdbcddddbbbbbb,4,6,6,3981
bbbbbbbccccbbcbbbbbcccddbbbbbdaaaadd,4,6,6,3981
aaaaaaaccccaadddcabdcccbbddddbbbbbbb,4,6,6,3981
aaddddaccccdadddddbdbbbbbddddbbbbbbb,4,6,6,3981
bbbbbbbaaaabbbddabdddaabdccccbddbbbb,4,6,6,3981
aaaaaabbbbbabdddbdbdbbbdcdddddcccccc,4,6,6,3981
aaaaaaaccccaacddcabcdccabadddabaaaaa,4,6,6,3981
bbbcccbaaaacbbbbbcddddbcdbbbbddddddd,4,6,6,3981
aaacccbbaaacbdddacbdaaabbddddbbbbbbb,4,6,6,3981
cccccccaabbccabbcccabdddcaaaadcccddd,4,6,6,3981
aaaaaabbbbbabcccbabcbbbabcccaabbbddd,4,6,6,3981
dddddddaaaadddddadbbaaadbcccddbbbccc,4,6,6,3981
bbbbbdbaaabdbbbabdaaaabcabbbbcaaaacc,4,6,6,3981
aaaaaaabbbbabbddbabcdbbdbcddddbccccc,4,6,6,3981
aaaaacccccaccbbcdccbccdccbbddccccccc,4,6,6,3981
bbbcccbdddddbdaaadbdddadbaaaadbbbddd,4,6,6,3981
ddddbbdaaaabdddcabccccabcbbaabccbbbb,4,6,6,3981
cccccccaaaacccccacbbbaacbaaaccbbbddd,4,6,6,3981
bbbbccbaaaacbaccccbaaaaabbdddaaaaaaa,4,6,6,3981
bbccddbccaadbcbbadbccbadbbbbadaaaaad,4,6,6,3981
bbbdddbaaaadbbddaddddaaddccccddddddd,4,6,6,3981
aaaaaaaddddaadbbbabdddbabbbbbccccccc,4,6,6,3981
bbbbbbbddddbbdccbbbddcccbbdddcaaaccc,4,6,6,3981
cccccccaaaaccccdacbbddacbaaaacbbcccc,4,6,6,3981
aaadddacbbbdbcbdddbcbbbbbccccbbbbbbb,4,6,6,3981
ddddccdaaaacdaccccdbcddddbbbbddddddd,4,6,6,3981
aaaaaabbbbbabdddbabdbbbcbddddcbbcccc,4,6,6,3981
dddddddbbbbddcccddddaaaaaddddaaaaaaa,4,6,6,3981
aaccccabbbbcbbddbcbcdbbcbcdddcbccccc,4,6,6,3981
aaaaadbbbbadbddbadcdbbddcddddccccccc,4,6,6,3981
aaaaddbbbaadbdddddbdccccbddbbcbbbbcc,4,6,6,3981
aabbbbaddddbadccbbadcdddadcccdaddddd,4,6,6,3981
aaaaaabccccabbbbcaddddcadccccadddaaa,4,6,6,3981
aaaaaaaccddaacaadabccadabbcadacccaaa,4,6,6,3981
aaaaaaaddddabdccdabdcddcbdccccbddddd,4,6,6,3981
aaaaaaaccccaacaaaabcadddbcaaadbbbbdd,4,6,6,3981
aaaaaaabbbbabbddbdbcdbbdbcddddbccccc,4,6,6,3981
aaadddacccccbcbbbcbcccbcbbbbbccccccc,4,6,6,3981
aaaaaaaddddabdaaaabdacccbddddcbbbbcc,4,6,6,3981
bbbbbbbaddddbadaadbaddadbaaaacbbcccc,4,6,6,3981
bbbcccbaccddbacaadbaccadbaaaadbbbddd,4,6,6,3981
aaadddccccbdcbbcbdcbccbccbbbbccccccc,4,6,6,3981
aabbbbabbdddaaaaadccccadcaaaadccdddd,4,6,6,3981
ccccddcaaaadcbbbadcbaaadcbbdddcccccc,4,6,6,3981
aaaaaaacdddaacdaaaacddddbccccdbbbddd,4,6,6,3981
bbccccbddddcbdccccbdddddbbaaadaaaddd,4,6,6,3981
aaaaaaaddcccadbbbcbdddbcbbbbbccccccc,4,6,6,3981
cccccccaaabccbbabccbaabdcbbbbdcccddd,4,6,6,3981
aaddddacccccacbbbcbcccbcbbbbbccccccc,4,6,6,3981
bbbbbbbaaaabbcccabbcaaabbccbbbbbdddd,4,6,6,3981
bbbbbbbdddddbdcccdbdddcdbbcccdaaaadd,4,6,6,3981
aaccccaddddcadccdcbdcddcbdccccbddddd,4,6,6,3981
aaaaddaccaadacddddbcdbbbbcdddbbbbbbb,4,6,6,3981
aaacccbbacdcbaacdcbaccdcbaaddcbbaaaa,4,6,6,3981
aaaaaaaddddaadccdabddcdabbccdacccdda,4,6,6,3981
aaaaaaabbbbabbaaaabcadddbcaaadbccddd,4,6,6,3981
aaaaddaccaadbcddadbcdaadbcddddbccccc,4,6,6,3981
aaaaaaabbddaabddaaabdcccacdddcaccccc,4,6,6,3981
aaccddbacaadbacaddbacaaabacccabaaaaa,4,6,6,3981
ccccddcbbccdcbddcdccdccdacddddaaaaaa,4,6,6,3981
cccccccaaadccbbaddcbaabdcbbbbdccccdd,4,6,6,3981
aaadddabbbbdabddbdacdbbdacddddaccccc,4,6,6,3981
aaadddbbadadbaadadbaddadcaaaadccccdd,4,6,6,3981
aaaaaaabbbbaabccbdabcbbdabccddabbccc,4,6,6,3981
aaaaaabbbbdabddbdacdbbdacddddaccaaaa,4,6,6,3981
bbbcccbabcddbabccdbabbcbbaaccbbbbbbb,4,6,6,3981
bbbdddbabdccbabddcbabbdcbaaddcbbcccc,4,6,6,3981
dddddddccccddcbbccdccbdcdddddcaaaacc,4,6,6,3981
aaaaaacccccacbbaaacbaaddcbbbbdccccdd,4,6,6,3981
aaaaaaaccccabcddcabcdccabcddaabbbbbb,4,6,6,3981
aaaaadbbbbadbddbddcdbbdccddddccccccc,4,6,6,3981
aaaaddbbbbbdbcccbcbcbbbcbcccccbbbbbb,4,6,6,3981
aaddddabbbbdabddddacdaaaaccccaaaaaaa,4,6,6,3981
aaaaaaaccddabcbbdabcbddabcbdaabbbddd,4,6,6,3981
aabbbbabbddbabddbbabdcccabdddcaaaccc,4,6,6,3981
aaaaaabbbbbabccdbaacddcaaccccaaaaaaa,4,6,6,3981
aaaaaaabbddaabaadaabaddaacaaaaaccccc,4,6,6,3981
aaaaaaadddddadbbbbadcccbadddcbaabbbb,4,6,6,3981
dddddddaccccdacbbcdaccbddaabbddddddd,4,6,6,3981
bbbbccbaaddcbaccdcbaacdcbbacdcaaaccc,4,6,6,3981
aaacccbbbbbcbdddbdbdbbbdbdddddbbbbbb,4,6,6,3981
bbbaaabddddabdccdabddcaabaaaabbbbbbb,4,6,6,3981
aaaaaaaccddaccddaacbdccccbbbbccccccc,4,6,6,3981
aaddddaddccdbdbbcdbddbcdbbbbcdcccccd,4,6,6,3981
aaaaacadddacbdaaacbdccccbdddddbbbbbd,4,6,6,3981
aaaaadbbbbadbaabadbabbacbaaaacbbbccc,4,6,6,3981
aaaaddaccccdacbbcdacbccbacbbbbaccccc,4,6,6,3981
adddddadbbbbaddddbaaaaabbbbbbbbccccc,4,6,6,3981
aaaaaaacccdaaddcdaadccdabddddabbaaaa,4,6,6,3981
aaaaaaabbbbaabddbabbdbbcbcdddcbccccc,4,6,6,3981
aaaaaabbbbbabdddbacdbbbccddddccccccc,4,6,6,3981
cccccbcaaacbcccacbaaaacbabbbbbaadddd,4,6,6,3981
cccccccddddccdbbbccdddbccccbbcaaaacc,4,6,6,3981
aaaaccbbdddcbddcccbdbbbbbddddbbbbbbb,4,6,6,3981
aaaaaaadddddadbbbdbdddbcbbbbbccccccc,4,6,6,3981
aaabbbaccccbadddcbbdcccbbddddbbbbbbb,4,6,6,3981
aaaaaabbbbbabaaabababbbacaaaaacccddd,4,6,6,3981
aaaaddaccccdacddddacdbbbacdddbacccbb,4,6,6,3981
aaccccbacaddbacaadbaccadbaaaabbbbbbb,4,6,6,3981
bbbbbbbaaaabbbbcabccccbbcbbbbdcccddd,4,6,6,3981
cccccccaaaaccccdaaaaddbaabbbbaaaaaaa,4,6,6,3981
aaadddabcccdabbbbdadddbdadbbbdaddddd,4,6,6,3981
aaaaaaacdddaacdccaacddcbbccccbbbbbbb,4,6,6,3981
aaabbbaddddbadbbbbadbcccaddddcaaaccc,4,6,6,3981
abbbbbabddddabdccdabddcdabbccdaaccdd,4,6,6,3981
aacccdabbbcdaddbddadbbdaaddddaaaaaaa,4,6,6,3981
aaaaaaaccccaadddcabdcccabdddaabbbddd,4,6,6,3981
ddddbbdccccbdcbbcbdccbbbdddddaaaaaaa,4,6,6,3981
ddddccdaaaacdcccccdcbbdddccbbddddddd,4,6,6,3981
aaaaaaaccccaacddcabccdaabbcdadcccddd,4,6,6,3981
cccccccaaaddcccaadbbccadbaaaadbbbbdd,4,6,6,3981
aaccccbacaaabacaddbacaadbaccadbaaaad,4,6,6,3981
aaccccabbbbcaaaabcdddbbcdcccccdddddd,4,6,6,3981
dddddddbbbbbdaaaabddddabaaaaacaccccc,4,6,6,3981
aaaaaaadddddadcccdbdddcdbbcccdcccddd,4,6,6,3981
aaaaaaadddddbdccccbddddcbbbbdccccccc,4,6,6,3981
cccccccaaaaccbbbadcbaaadcbbbbdccccdd,4,6,6,3981
aaaaaaaddddabdccaabdcdddbdcccdbddddd,4,6,6,3981
aaaaaaadddccbdbbbcbdddbcbbbbbccccccc,4,6,6,3981
bbbbddbaaaadbaccadbaacadbbccadaaaaad,4,6,6,3981
bbbbbbbccdddbcaaadbcccadbaaaadbbdddd,4,6,6,3981
bbbcccbaaaacbaddacbadaabbadddbbbbbbb,4,6,6,3981
aabbbbabbccbadddcbadcccbaddddbaaabbb,4,6,6,3981
aaaaaaabbbbaabddbcbbdbbcbcdddcbccccc,4,6,6,3981
aaaaadccccadcbbcadcbccddcbbddccccccc,4,6,6,3981
aaaaaaadddddadcccdadddcdbbbccdccccdd,4,6,6,3981
bbbbbdbaaabdbccabdbcaacdbccccdbbdddd,4,6,6,3981
aaaaaabbbbbabccaaabcddddbccccdbbdddd,4,6,6,3981
aaaaaaaddddabdccdcbdcddcbdccccbddddd,4,6,6,3981
aaaaaaacdddabcdaaabcddbbbccccbbbbbbb,4,6,6,3981
ddddaadabbbadaccbadacbbadaaaaadddddd,4,6,6,3981
dddddddaaaadddddabcccdbbcbbbbccccccc,4,6,6,3981
aaadddbbbbbdbdddbdbdbbbdcdddddcccccc,4,6,6,3981
aaaaaaaccccaadddcaadcccabddddabbbbaa,4,6,6,3981
aaaaaaacdddaacdbbabcddbabccbbabbbbaa,4,6,6,3981
bbbbbbbccccbbcaacbbccacbbaaadbbbdddb,4,6,6,3981
cccccccdddddcdbbbdcdddbdcccbbdaaaadd,4,6,6,3981
aaaaaabbdddabddaaabdccccbddddcbbcccc,4,6,6,3981
aaaaaaaccccabcddcabcdccabadddabaaaaa,4,6,6,3981
aaddddabbbbdaaadbdddddcddccccddddddd,4,6,6,3981
aaacccaddddcadbbccadbaaaaddddaaaaaaa,4,6,6,3981
cccccccaaaaacccddaaabbdaabbddaaaaaaa,4,6,6,3981
aaddddaddcccadbbbcbdddbcbbbbbccccccc,4,6,6,3981
aaaaaadddbbadbddbadbbbbadccccaddddaa,4,6,6,3981
dddddddaaaaadddddabbccdbbccddbbbbbbb,4,6,6,3981
aaaaaaabbbbabbddbabcdbbabcdddabccaaa,4,6,6,3981
aaadddabbbbdbbddbdbcdbbdbcddddbccccc,4,6,6,3981
bbbbddbaaaadbbbbaccccbaccbbbaccccccc,4,6,6,3981
aaaaaaacddddacdccdacddcdbccccdbbdddd,4,6,6,3981
aaacccacacddacaccdacaacdbccccbbbbbbb,4,6,6,3981
aaaaaaadddccadbbbcbdddbcbbbbbccccccc,4,6,6,3981
dddbbbdaaaabdddcabbbccabbccaabbbbbbb,4,6,6,3981
ccccddcaaccdcabbcdcabccdcabbbdccccdd,4,6,6,3981
aaaaaaaccccaacddccbccdbcbbbbbccccccc,4,6,6,3981
aaddddabbbbdabddbdacdbbdacddddaccccc,4,6,6,3981
abbbbbabddddacdccdacddcdaccccdaadddd,4,6,6,3981
bbbdddbaaaadbcccadbcaaadbccdddbbbbbb,4,6,6,3981
aaaaaabbbccabdddcdbdcccdbdddddbbbbbb,4,6,6,3981
dddaaadbdddadbbbdadccbdaddcddaaaaaaa,4,6,6,3981
aaadddadddccadbbbcbdddbcbbbbbccccccc,4,6,6,3981
aaaaaaaccccaacbbcaacbccdacbbbdacccdd,4,6,6,3981
aaadddaccccdacddddbcccccbbbbbccccccc,4,6,6,3981
bbbbbbbddddbbdaabbbdacccbddddcbbbccc,4,6,6,3981
aaaaaabbcccabdddcabdcccabddddabbaaaa,4,6,6,3981
aaaaddaccccdacddddbcdcccbcdddcbccccc,4,6,6,3981
dddddddbbbbbdbaccbdbaacddbbccddddddd,4,6,6,3981
aaaccdadddcdadbccdadbbbdadddddaaaaaa,4,6,6,3981
aaaaaaaddddaddccaadbcddddbbbbddddddd,4,6,6,3981
aaaaccbbbbbcbcccbcbcbbbcbcccccbbbddd,4,6,6,3981
dddddddaaaadddddadcccaaccbbbbccccccc,4,6,6,3981
cccccccbbddccbccdccbbcdcccccdcaaaddc,4,6,6,3981
aabbbbabbccbaaddcbdddccbdcccbbdddddd,4,6,6,3981
aaadddbbaabdbccabdbcaabdbccbbdbbbbdd,4,6,6,3981
bbbbbbbaaaddbbbbbdccccbdcbbbbccccccc,4,6,6,3981
bbccccbddddcbdaadcbddadcbbaadcaaaddc,4,6,6,3981
cccccdcaaacdcccacdbbaacdbaaccdbbbbdd,4,6,6,3981
aaaaaaadddddbdcccdbdddcdbbbccdccccdd,4,6,6,3981
cccbbdcaaabdcccabdaaaabaabbbbaaaaaaa,4,6,6,3981
aaaaaaaddddabdaaaabdddddbbbccdccccdd,4,6,6,3981
bbbbbbbaaaaabbcccaddddcadccccadddaaa,4,6,6,3981
bbbdddbdddaabdcccabdddcabbcccaaaaaaa,4,6,6,3981
aaaaaaaccddaacaadabcaddabcaaaabccccc,4,6,6,3981
aaeeeeaeecceaeddceaedccfbedddfbeeeffbbbbbb,6,7,6,4024
aaaaffaccccfaceecdcceccdcbeeedcbbbbdccdddd,6,7,6,4024
ccccffcbbbbfcbddccccdeecacddecacceecaacccc,6,7,6,4024
aaaeeeacccceacffcebcfccdbdfffdbdddfdbbbddd,6,7,6,4024
acccccacdddcacccdcaaacfcbbccfebccffebbeeee,6,7,6,4024
ccccffcaaddfcaeedfcaeddfcbeeefcbbbbfcccfff,6,7,6,4024
aaccccaccffcbcddfcbeedecbeddecceeeeccccccc,6,7,6,4024
aaaaaaacdddabcccdabeecdabeccbabeebbfbbbbff,6,7,6,4024
dddddddaaeeddacceddddcfdbbccfdbccffbbbbbbb,6,7,6,4024
aaaaaaadddfabdfffdbdfeedbdffedcddeedccdddd,6,7,6,4024
abbbffaaaaafccddaaceedcaceddcaceeccaccccaa,6,7,6,4024
cccccccbbeecccbbecaaabccddbbcfdbbccfddccff,6,7,6,4024
bbbbbbbacccbbaaacebddacebdaaeebddeefbbeeff,6,7,6,4024
aabbbbadddfbadfffbbdfeebbbffebcbbeebccbbbb,6,7,6,4024
ccceeecddddecdbbdecddbcecbbbcecccccfaaafff,6,7,6,4024
aaddddacceedbcffedbdfeedbdfffdbdddddbbbbbb,6,7,6,4024
cccccccddddccdccdecddceeccccefabbeefaabbff,6,7,6,4024
aaaeeeacccceacddcfccdccfcbdddfcbbbdfccdddf,6,7,6,4024
aaaaeeaccaaeccddafcbdccfcbddcfcbbccfccccff,6,7,6,4024
aaccccaccffcadddfdaeedddbebbbbbeeeebbbbbbb,6,7,6,4024
aadddcacccccacffeeccfbbecbffbecbbbbecceeee,6,7,6,4024
aaaaaaaccccaacddcfbccdcfbdddcfbbccceccceee,6,7,6,4024
aaaaaaaddddabdeedabdeddabbeeaacbbaafccccff,6,7,6,4024
aaffffaffcccffeeecfbeddcfbeedffbbddfffffff,6,7,6,4024
aaccccacceecacffecccfeeccbfffccbbddcccddcc,6,7,6,4024
aaaaeeabbcceccbbcfcddbcfcdbbcfcddccfccccff,6,7,6,4024
aaaaeedddddedbbbdedccbdfdcbbcfdccccfddddff,6,7,6,4024
aaaeeeabbbbbbbfffbbdfddbbdffdbcddddbcccbbb,6,7,6,4024
aadddddaddfffdbdggiidbdghhigbbgghggcbbgggecceeeee,9,7,7,4067
aadddddaeefffdbeggiidbeghhidbegghidceeiiiecceeeee,9,7,7,4067
aaaaaaaaddhhhabdhhfhhbehffghbehhggiceehhhicccccii,9,7,7,4067
aaaffffadddddfbdggfffbdghhhhbegggggceeiiigcceeggg,9,7,7,4067
aadddddagggggdageffgdbgeefgibggffhibbgghhicccccii,9,7,7,4067
aaaaahhaddiiihbdiiffhbbieeficbiieiicbbiiigccbbggg,9,7,7,4067
aaddiiiaddgggiabbbbgibbffbggbefbbhgceeehhgccchhgg,9,7,7,4067
eeeeeeccceeeecdaaeddaeedbaeddbbeeebbbbbb,5,8,5,4232
dddccdbbbcdbcccdbceeddcceaddceacccaaaaaa,5,8,5,4232
aaaaaadddaadaaabdaeebbaaeabbacaaaacccccc,5,8,5,4232
aaaaaacccabcaaabcaeebdaaebddaebaaabbbbbb,5,8,5,4232
eeeeeeccceeeeccaaedcaeedcaeddcbeeecbbbcc,5,8,5,4232
bbdddbcccdbcdddbcdeebbddeabbdeadddeaaeee,5,8,5,4232
aadddacccdaceedaccedaacedcccbdcbbbdccddd,5,8,5,4232
eeeeeeccceeeeceaaedeaeedeaeddbbeeebbbbbb,5,8,5,4232
aaaaaaeeeaaeddabeeddbbecdeeeceeccceeeeee,5,8,5,4232
eeeeeeccceeeeceaaeccaeedcbeddcbeeccbbeee,5,8,5,4232
aaaccabbbcbbcccbecddceccdceecdccccdddddd,5,8,5,4232
dddbbdcccbdcbbbddbeeadbbeaddbeaabbebbbee,5,8,5,4232
aaaeeaccceabbcebbccebdceecdccccdddcccccc,5,8,5,4232
aaaaaaddddbdccdbddcdbbdcedddcedcccedddee,5,8,5,4232
aaaaaaeeeeaeddebeedebbeddeeecdeccceeeeee,5,8,5,4232
eeeeeeccceeeecbaaecbaeedbbeddbbeeebbbbbb,5,8,5,4232
aaaaaabbbabbaaabdaeeadaaeaddaeaaaacccccc,5,8,5,4232
aaaaaabddaabbdaccbeacbbeacbeeacbbbacccaa,5,8,5,4232
aaaaabbbbabddbacdbbeccbeebcbbbbcccbbbbbb,5,8,5,4232
aaaaaccbbacddbecdbbecdbeeccbbbbcccbbbbbb,5,8,5,4232
aaeeeaeeccaeddcbeedcbbecceeeceeccceeeeee,5,8,5,4232
aaaaaadddabdaaabbaeecbaaecbbaeccaaeaaaee,5,8,5,4232
aaaaaacccaccaaacbaddcbaadcbbadccaaeaaaee,5,8,5,4232
aaaaaabbbadddbadccbaddcbbcccebceeecccccc,5,8,5,4232
aaabbadddbadbbbadbeebdbbebddbebbbbcccccc,5,8,5,4232
aabbbadddbbdbbbbdbeebdbbebddbebbbbecccee,5,8,5,4232
aadddabbbdaeebdaebbdeebddecbbbecccbeeebb,5,8,5,4232
aaaaaabbbaaddbaddbbedcbeedcbbbdcccbdddbb,5,8,5,4232
eeeeeeccceeeeceaaeccaeedcaeddcbeeccbbeee,5,8,5,4232
aaaaaaeeeabeddabeedabbecaeeecaecccaeeeaa,5,8,5,4232
aaaaaacccaacaaaacaeeadaaebddaebbaaeaaaee,5,8,5,4232
ccaaacdddacdaaaccaeeacaaeaccaeaaaabbbbbb,5,8,5,4232
aaaaaacccaacaaaccaddcbaadcbbaeccaaeaaaee,5,8,5,4232
aaaeeadddeadcceaddceaadbedddbedbbbedddee,5,8,5,4232
eeeeeeccceeeeceaaecdaeeddaeddbbeeebbbbbb,5,8,5,4232
aaaaaabbbaaddbeadbbeddbeedcbbbdcccbdddbb,5,8,5,4232
aadddabbbdaaabdccabbcaaebcaeebcaabbccaaa,5,8,5,4232
aaaaaacccaabbcaabccebbceebdccccdddcccccc,5,8,5,4232
aaaaaacceeacddeaccddaacbdcccbdcbbbcccccc,5,8,5,4232
cccddcaaadcccadbbcddbccdebcddebcceebbccc,5,8,5,4232
aaaaaabbbaaccbebcbbebdbeebdbbbbdddbbbbbb,5,8,5,4232
aaaeebbaaebccaeccaaecdaeeadaaaadddaaaaaa,5,8,5,4232
aaaaacceeacddeacdeeacdeaacceeebcccebbeee,5,8,5,4232
ccceecaaaecccaebbcaabccdabcddabccaabbccc,5,8,5,4232
aaaaabbbbabccbeccbbecdbeebdbbbbdddbbbbbb,5,8,5,4232
aaaaaabbbaaccbaacbbeadbeebdbbbbdddbbbbbb,5,8,5,4232
aacccaeeeeaeddeaeeddaaebdeeebeebbbeeeeee,5,8,5,4232
aadddaddeeadcceaddccaadbcdddbcdbbbcdddcc,5,8,5,4232
aaaeebbaaebccaebcaaebdaeebdaaabdddabbbaa,5,8,5,4232
aadddabbbdaaabdccabdcaaddcaddecaaaecccee,5,8,5,4232
ccceecaaaecccaabbcdabccdabcddabccaabbccc,5,8,5,4232
aaaddbbaadbccaebcaaebbaeeabaaaabbbaaaaaa,5,8,5,4232
aaaaabbbbabddbacdbbacebaacebbbbeeebbbbbb,5,8,5,4232
aaagggaddddgadeeddbddecdbbdecddddcchdcccfhddfffh,8,8,6,4328
aahhhhhahhfffhbheeefhbhhggfhbbhhgfdcccfffdddddddd,8,7,7,4576
aaaaffhdddaafhdcccaehdcaaaehddaeeegbdaaaagbbbbbgg,8,7,7,4576
aaaeehhaeeeffhbedddfhbeeedffbccddgfbbcdggdcccdddd,8,7,7,4576
aabbbggafffbbgafcddbgafccdfgafdddfhafffffhaaeeehh,8,7,7,4576
cccddddcbbbbbbcbeeggbcceffghaceefghaccggghaaaahhh,8,7,7,4576
aaaagggaccagffacaaggfacaeegaadaaeaabddaaahbbdddhh,8,7,7,4576
aaaagggabbbbhhbbeebbhbdedddhcdeeedhcdddddfcccffff,8,7,7,4576
aacccccacceeecacffgeeccfggfecbffffecbbddeeccddhhh,8,7,7,4576
aaccfffaccgggfacggeggbcgeehgbdggghbbdddhhbbbbbbbb,8,7,7,4576
aaddhhhaddeeehadffgehbdfggfhbbffffhcbbbbhhccccbbb,8,7,7,4576
aaaaahhabbbaahbbeffaabceefgaaccffgaadddggaaaaaaaa,8,7,7,4576
aadddddafffffdafeccfdbfeecfdbffccgdbcccgghbbbgghh,8,7,7,4576
aaaddddddddhhddcceehfdcffeffddfeefgbdffffgbbbgggg,8,7,7,4576
aaaaaaaccceaaceeeaadebbabdeebabddbbabbbbaa,5,7,6,4828
aaaaaaaeeeeaaecceebeecdebcccdebddddebbeeee,5,7,6,4828
cccdddcbbbbdcbddbdccdbbdacddddaccceeaaacce,5,7,6,4828
ccceeecaaaaecbbbaecddbaecdbbcecddcceccccee,5,7,6,4828
aaacccaddddcddeeecdbecccdbeeeedbbddeddddee,5,7,6,4828
cccccccddddccdbbdccddbdccbbbeccceeecaaaacc,5,7,6,4828
aaaaaaaccccabcddcabeedccbeddecbeeeecbbbccc,5,7,6,4828
aaacccaeeeecbeddecbedeecbedddcbeeeccbbbeee,5,7,6,4828
ccceeecbbbbeccccbeaaacbeacccdeacdddeacccee,5,7,6,4828
aaddddabbbbdacccbdaeecadaeccadaeeaadaaaadd,5,7,6,4828
aaccbbaccddbbceedbbceddbbceecbbccccbbbbbbb,5,7,6,4828
aaacccbbbbbcbdddbcbeedbcceddecceeeeccccccc,5,7,6,4828
aabbbbacccebbceeebbdeddbbdeedbbddddbbbbbbb,5,7,6,4828
aaaaaaaccceaaceeeaaceddabceedcbccddcbbcccc,5,7,6,4828
aaaaeeabbaaebbccaebaacaebaccadbaaaadbbdddd,5,7,6,4828
abddddabdeedabddedaccdecacddccaccccaaaaaaa,5,7,6,4828
aaaaaabbbbbabdddbabeedbbceddcbceeccbccccbb,5,7,6,4828
aaabbbaddddbadccdbadcddeadccceaddeeeaadddd,5,7,6,4828
aabbbbabbddbabeedbabeddbaceebbacccccaaaaaa,5,7,6,4828
acccccacdddcacccdcaaaceccccceccbbeecccbbcc,5,7,6,4828
aaddddaddeedadeeddbdecccbdeeecbdddccbbbbbb,5,7,6,4828
aadddeabbbdeabdddeabdeeeacddddaccccdaaaadd,5,7,6,4828
aabbbbaddeebbdccebbddcebbcccebbceeebbbbbbb,5,7,6,4828
eeeeeeebbcceebddceebdccdeeddddaeeeeeaaaaaa,5,7,6,4828
aabbbbabbeeeabcccebbceeebdcccccddddccccccc,5,7,6,4828
cccccccaaaaccbbbaccddbeccdbbeccddeedccdddd,5,7,6,4828
ccceeecddddecdbbdecddbdecbbbeeccceeaaaaaaa,5,7,6,4828
cccccccaaaaccaeeaccaeaadcbeebdcbbbbdccdddd,5,7,6,4828
aaaaaaaccddabceedabceddabceecabccccabbbaaa,5,7,6,4828
dddddddabbbddaaabddbbbbedbcccedbbbbedddeee,5,7,6,4828
aaaaaaaccceeccdddecbdeeecbddddcbbbbdccdddd,5,7,6,4828
aaaeeeacaaaeacccaeaddcaaadccdabddddabbbaaa,5,7,6,4828
aaeeeeaeecceeeddcbebdccbebdddbebbbbbeeeeee,5,7,6,4828
aaccbbaccddbaceedbcceddbcbeeebcbbbbbcccccc,5,7,6,4828
aaaaaaaddddaadccdebdcddebdcccebddeeebbdddd,5,7,6,4828
aaaabbaccaabbcddabbcdaabbcddebbcceebbbbbbb,5,7,6,4828
bbbcccbaaaaabaeeeabaeddabbeedaabbddaaaaaaa,5,7,6,4828
cccdddcaaaadcaeeadcaeaadcbeeedcbbccdccccdd,5,7,6,4828
bbbbbbbaaaabbbccabeeecabecccdbeddddbeebbbb,5,7,6,4828
aaaaaaaccccaaceecaadebbaadeebabddbbabbbbaa,5,7,6,4828
aaaaaaaccccaacaaaaacadddacaaeebccaaebbbbbb,5,7,6,4828
cccccccbbeecccbbecaaabeeabbbdeabdddeabbbee,5,7,6,4828
cccddecbbbdecbdddecbdeeeccddaaaccddaaaaaaa,5,7,6,4828
cccccccaaaeccaeeeccaeddccbeedbcbbddbccbbbb,5,7,6,4828
aaaaaacccddacbbbddcddbedcdeeedcdddddcccccc,5,7,6,4828
ddddeedccddedcbbdddccbaddbbbaddddaadaaaadd,5,7,6,4828
aaaaacadddacbdaaacbbaeeccbaaeccbbeeccccccc,5,7,6,4828
aaeeeeaeeccceedddcebdbbcebddbeebbbbeeeeeee,5,7,6,4828
bbaaaabeeeeabeddeabeedcabbddcaaccccaaaaaaa,5,7,6,4828
aabbbbabbeebbbccebbdceebbdcccccddddccccccc,5,7,6,4828
bbccccbcceecbbbbecaaabdcabbbdbabdddbabbbbb,5,7,6,4828
aaaaeeaddddeadccdbddcddbdbcccbdbbbbbdddddd,5,7,6,4828
ddddeedabbbedaaabedccabedcaabedccbbddddddd,5,7,6,4828
bbbbbbbddddbbdccdbbddcbbbbccbeaccbbeaabbee,5,7,6,4828
aaaaccaccddcaceedccceddccbeeeccbbbeccccccc,5,7,6,4828
aaaaaaaeeeeaeeccedebcdddebccccebbbbceeeecc,5,7,6,4828
eeedddeccccdeeeecdaaaeddadeedbbddddbbbbbbb,5,7,6,4828
aaaaaabbbbbabcccbabddcaaadccaeaddaaeaaaaee,5,7,6,4828
aaaaeeaccaaeacddaeccdaaecbddcccbbddccccccc,5,7,6,4828
cccccccaaddccaeedbcbeddbcbeeebcbbbebcccbbb,5,7,6,4828
aaddddabbbbdabaaaaacaeeaacaaeaacceeaaaaaaa,5,7,6,4828
aaaaaaaccddaaceedacceaaacbeeeecbbbbeccceee,5,7,6,4828
cceeeecddddeccccdeaaaceeacccebbceeebbbbbbb,5,7,6,4828
aaaabbaccccbaceeebcceddbcbeedbcbbddbccbbbb,5,7,6,4828
aabbbbabbddbaceedbbceddbbceeebbcccebbbbbbb,5,7,6,4828
aabbbbaccccbacdddbacdaabacddabaccaaeaaaaee,5,7,6,4828
dddddddaabbbdacccbdacaabdaccabdaaaaeddddee,5,7,6,4828
dddddddccccddcbbcddccbcedbbbdedddddeaaaaee,5,7,6,4828
bbbbbbbaaeebbbaaeccccaeccaaadccadddccccccc,5,7,6,4828
aabbaaabbeeaaccceaaddcdaadccdaaddddaaaaaaa,5,7,6,4828
aaaaaaabbbeaabeeecabeddcabeedcabbddcaacccc,5,7,6,4828
eeeeeeeaaaaeeeeeaecccaaecbbbcccbdddccccccc,5,7,6,4828
bbccccbcceecbceebbbbeddbabeedbabbddbaabbbb,5,7,6,4828
bbbbeebaaaaebaccaebddcaebdccaebddaaebbeeee,5,7,6,4828
ccccddcaaaadcaddadcadaadcbddddcbbcceccccee,5,7,6,4828
aaaaaaccccbcbbcbcbccbcbbbbcccbbbbbb,3,7,5,4919
ccccccaaaccccabbbcabbccabbaaabbbbbb,3,7,5,4919
aabbbacccbacaabacabbacaaaacccaaaaaa,3,7,5,4919
bbbccbabbcbaabcbbabcaaabcabbbcaaacc,3,7,5,4919
aaaaaacccaacaaaacabbacaabacccbaabbb,3,7,5,4919
aaaaaaccccacbbcacbccacbbbacccbaaabb,3,7,5,4919
aaaaaacccaccaaacbabbcbaabcbbbbccccc,3,7,5,4919
aaaaaacccaacbbaacbaaacbbbbcccbbbbbb,3,7,5,4919
ccccccbbbbcbaabccabbacaaaacccaaaaaa,3,7,5,4919
bbbccbaaacbbbacaabacabbacabaacaaacc,3,7,5,4919
ccccccbbbccccbcbbcbcbccbcbbbbcaaacc,3,7,5,4919
aaaaaacccabcbbabcbaabcbbbbcccbbbbbb,3,7,5,4919
aaaaaabbbaabccaabcaaabcccabbbcaaacc,3,7,5,4919
ccccccaaaacaccacacaacbccccbbbcccccc,3,7,5,4919
aabbbaccccacaacacaccacaaaacccaaaaaa,3,7,5,4919
aaaaaaccbaacbbabcbaabcbbbbcccbbbbbb,3,7,5,4919
aaaaaccccacbbcaccbcabbbaabaaabbbbbb,3,7,5,4919
aacccabbbcaccbcaacbccccbccbbbcccccc,3,7,5,4919
aaaaaacccaacaaabcabbbcaabbcccbbbbbb,3,7,5,4919
ccccccaaaccbbacccbacbbbabbaaabbbbbb,3,7,5,4919
ccccccaaaccbbacccbacbbbccbcccbbbbbb,3,7,5,4919
bbbbbbaaabbbbaaaabcaabbcaacccaaaaaa,3,7,5,4919
ccccccbbbbcbccbcbbcbccccbabbbbaaaaa,3,7,5,4919
aaaaaacccaacaaaccabbcbaabcbbbbccccc,3,7,5,4919
aaaaaaccccacbbcbcbccbcbbbbcccbbbbbb,3,7,5,4919
bbbbbbaccbbaacbbbacbaaacaacccaaaaaa,3,7,5,4919
ccccccbbbbcbaabcbbabcaaabcabbbccccc,3,7,5,4919
bbbbcbccccbcaaabcbbabccbabbbbaaaaaa,3,7,5,4919
bbbbbbaaabbabbbbccccbcbbcbccbcbbbbc,3,7,5,4919
ccccccaaaccccacbbcacbccacbcaacbbbcc,3,7,5,4919
cccbbcaaabcbbabccbabbbbabbaaabbbbbb,3,7,5,4919
ccccbcbbbbcbacccbaaccbbaccaaacccccc,3,7,5,4919
aaaaaaccbaacbbaacbaaacbbbbcccbbbbbb,3,7,5,4919
bbbbcbaabcbbabcaaabcabbbcabcccaaaaa,3,7,5,4919
aaaaaacccaacbbaacbaabcbbbbcccbbbbbb,3,7,5,4919
aacccaccbcbcbbcbcbccbcbbbbcccbbbbbb,3,7,5,4919
aaaaaaccccacbbcacbccbcbbbbcccbbbbbb,3,7,5,4919
bbbccbabbcbaaaabbbbaaaabaabbbaaaaaa,3,7,5,4919
ccccccaaaccbccccbcbbcbccbcbbbbccccc,3,7,5,4919
aaaaaccccacbbcaccbcabbbcbbcccbbbbbb,3,7,5,4919
bbbbbbaaaabacccbbbbccccbccbbbcccccc,3,7,5,4919
aaaccabbbcabcccabcaaabccaabbcaaaaaa,3,7,5,4919
ccccccaaaccccacbbcacbccacbbaacaaacc,3,7,5,4919
aaaccbbaacbccacbbcaccccaccaaacccccc,3,7,5,4919
ccccccaaaccccacbbcabbccabbaaabbbbbb,3,7,5,4919
aacccabbbcaaabcccabccaabccabbcccccc,3,7,5,4919
aaaaabbbbbccccbcbbbbcbccccbbbcccccc,3,7,5,4919
aaaaaacccaacaaaacaccbcaacbccccbbbbb,3,7,5,4919
bbbccbabbcbaabcbbabcaaaccacccaaaaaa,3,7,5,4919
aacccaccbcacbbcacbccbcbbbbcccbbbbbb,3,7,5,4919
ccccccaaaccccacbbcacbccabbcaabbbbbb,3,7,5,4919
ccccccaaaccbbacccbacbbbacbaaacbbbcc,3,7,5,4919
aaaaaabbbaaaabaccacacaacaccccaaaaaa,3,7,5,4919
aaaaaacccaacaaaacaccacaacbccccbbbbb,3,7,5,4919
ccccccaaaccccacbbcacbccbcbcbbcbbbcc,3,7,5,4919
aaaaaccccacaacacaccacaaaacbbbcccccc,3,7,5,4919
aaaaabbbbabcccabcaaabcbbbbcccbbbbbb,3,7,5,4919
aacccaccbcacbbcacbccacbbbbcccbbbbbb,3,7,5,4919
ccccccaaaccbbabccbabbbbabbaaabbbbbb,3,7,5,4919
ccccccaaaccbbacccbccbbbcbbcccbbbbbb,3,7,5,4919
bbbbbbaaabbbbabaaaababbbbacccaaaaaa,3,7,5,4919
aaaaaacccaacbbabcbaabcbbbbcccbbbbbb,3,7,5,4919
ccccccbbbccbaacccaccacaaaacccaaaaaa,3,7,5,4919
ccccccaaaacbbbaccccaaaacaacccaaaaaa,3,7,5,4919
ccccccaabbcaccbcacbbcaccccaaacccccc,3,7,5,4919
ccccccbbaccbaaccbaccccaaaacccaaaaaa,3,7,5,4919
ccccccbbaccbaacccaccacaaaacccaaaaaa,3,7,5,4919
ccccccaaaccbbacccbabbbbabbaaabbbbbb,3,7,5,4919
bbbbbbaccbbaacbbbabbaaabaabbbaaaaaa,3,7,5,4919
aaaaaacccaacaaaacaccacaacaccccaabbb,3,7,5,4919
aabbbaccabacaabacabbacaaaacccaaaaaa,3,7,5,4919
bbbbbbaaabbbcabcccabcbaabcbbbbccccc,3,7,5,4919
ccccccaaaccbbacccbacbbbacbaaabbbbbb,3,7,5,4919
bbbccbabbcbaababbabaaaabaabbbaaaaaa,3,7,5,4919
ccccccaaaacaccacbcaacbccccbbbcccccc,3,7,5,4919
ccccccbbbbccccbaaacbacccbacbbbacccc,3,7,5,4919
ccccccaaaccaccccacbbcaccbcaabbccccc,3,7,5,4919
aabbbacccbacbbbacbccacbbcaccccaaaaa,3,7,5,4919
aaaaaccccacbbcaccbcabbbcabcccabbaaa,3,7,5,4919
bbbbbbaccbbaacbbbacbaaacbacccaaaaaa,3,7,5,4919
ccccccaaaccccacbbcacbccacbaaabbbbbb,3,7,5,4919
aaaacccccccbbbbccccbbbbcbbcccbbbbbb,3,7,5,4919
aaaacbbbacaaaacaccccacaaaacccaaaaaa,3,7,5,4919
aaaaaacccaacaaaacaccacaacbccacbbccc,3,7,5,4919
aaabbacccbacaabacabbacaaaacccaaaaaa,3,7,5,4919
aaaaaccccacbbcaccbcabbbcabcccbbbbbb,3,7,5,4919
bbbbbbaacbbaccbbacbbbacccbaaacbbbcc,3,7,5,4919
aacccaccbbacaabacabbacaaaacccaaaaaa,3,7,5,4919
aaaaaccccacbbcaccbaabbbabbaaabbbbbb,3,7,5,4919
ccccccbbbccccbcbbcbcbccbabbbbaaaaaa,3,7,5,4919
ccccccaaaccccacbbcaabccbabbbbaaaaaa,3,7,5,4919
aaaaaaccccacbbcacbccacbbbbcccbbbbbb,3,7,5,4919
aaaaaabbbaaaabaccabacaacaccccaaaaaa,3,7,5,4919
bbbbbbaaabbbbabaabababbababaacaaacc,3,7,5,4919
ccccccaaaccaccccbcbbcbccbcbbbbccccc,3,7,5,4919
aaaaaacccabcaaabcabbbcaabbcccbbbbbb,3,7,5,4919
bbbbcbaabcbbabcaaabcacbbcaccccaaaaa,3,7,5,4919
aaaaaacccaacaaaacccbabbcbabccbabbbb,3,7,5,4919
ccccccaaaacbbbacccbaaaabaabbbaaaaaa,3,7,5,4919
aaaaaaccbaacbbaacbaabcbbbbcccbbbbbb,3,7,5,4919
aaaaaaaddddaaeeaaaaeaaggbeaffgbbaafgcbbffccccccc,7,8,6,4946
aaddggaddffgbdggfgbbgffgcbggggcbbbeeceebbecceeee,7,8,6,4946
aaaaaaabdddabbdaaabddaffadeaafaaeeafcaaaagccccgg,7,8,6,4946
aaccccaccffcacggfcadgffgadggggbdeebbbddeebbbbbbb,7,8,6,4946
ccddddcddfffccbbbfaaaabfaeeabbbeaagbbeeggbbbbbbb,7,8,6,4946
aaffggabbffgabccfgbbcffdbecccdceeecdcccccddddddd,7,8,6,4946
aaddddaffffdafeefdaffecdaafccdccccgdcbbggdccbbdd,7,8,6,4946
dddcccdcccbbdddffbaaaafbaeeafbaeaabbbeebbgbbbbgg,7,8,6,4946
ddddffdaaaafdddeefbbddefbccdefbcddffbccffgbbccgg,7,8,6,4946
aaaeeeaddddebdccdfbddcgfbbdcgfdddcgfdcccgfdddfff,7,8,6,4946
fffffffcccdffffcdgaafddgaffdegafddefbffeefbbffff,7,8,6,4946
aaddddaddeedddffefdbfeefdbffffdbbbggdccccgdddggg,7,8,6,4946
aaaaffaddaafbdeeafbbeaagcbbaggccbaaaaccccaaaaaaa,7,8,6,4946
aaabbbaceeebacebbbaccbffadcbbfbdccbfbddbbgbbbbgg,7,8,6,4946
afffggafdddgafdgggaffgeeacfggebcffgebccggebbeeee,7,8,6,4946
dddddddccccdddeeedaaaaedaffaeebfaagebffggebbffee,7,8,6,4946
aaddddaccccdacedddadedffadeddfbdeedgbddddgbbbbgg,7,8,6,4946
ggggggggaaaffggbdddfegbbbdfegcdddeegcceeegggggggg,7,7,7,5229
bbdddddbcceeedbceeggdbbebbgdabeebddabbbbdfaaaffff,7,7,7,5229
aaccgggaccdddgaceefdgcceffegcbeeeegcbbbccgcccccgg,7,7,7,5229
bbbbbbbbeeeffbbedddfbbeeedgbbbdddgbacccggbaaaccbb,7,7,7,5229
aaccgggacceeeeaceebbecceddbbcbeedfbcbbfffbccbbbbb,7,7,7,5229
aaaccccadddeecddbbbegdeeebegdebbbegdeeeeefddddfff,7,7,7,5229
aadddggacccccgaceeecgbcffeccbcfeebcbcffbbcbbbbbcc,7,7,7,5229
ffffffffaacccffaddecdfadeeddfbddddgfbbbffgfffffgg,7,7,7,5229
ccccccgcbbddcgcbeedcgcbeddegcceeeeaaccaaaaaaaafff,7,7,7,5229
eeeeeggebbfffgebffdfgebfddggeefffgcaeeeggcaaccccc,7,7,7,5229
aaddfffaeedddfaebbbdfaeeebdgabbbbdgacccddgaaaddgg,7,7,7,5229
addddddaabbbbdbbbeebgbfffecgcfeeecgcfffccgcccccgg,7,7,7,5229
aacccggadddccgddeeecgdbecccgdbeeddddbbfffdddddddd,7,7,7,5229
addddddadeeggdadeffgdadeefgdbddffddbcccddcbbbcccc,7,7,7,5229
aaaaaaaaeeeggabefeeggbbffebgcbbeebgccbbbbgddddggg,7,7,7,5229
aabbbbbabbeeebbbgggebbdgffecbdggfgccddgggcccccccc,7,7,7,5229
ccceeggcbbbeegcccccegadddcfgadcccfgaddfffgaaaaggg,7,7,7,5229
aaabbbbbbbbggbbddddgbcdffdgbcefddgbceeeggbccbbbbb,7,7,7,5229
ggggggggbbccfggbddcffggdccefagddeefaggggffaaaaggg,7,7,7,5229
acccgggacbbbbbacceeebaffffebafdddebafffeebaaeeebb,7,7,7,5229
aaaaaggacccaagaceffagadeefaaadfffdabdddddabbbbaaa,7,7,7,5229
aaaagggaddagaabdaaggabbaeegacbaaeaacbbaaafccbbfff,7,7,7,5229
aaaeeiiaeeehhiaedddhibeehhhibhhhggibhfffgichhhggjccgggjj,10,8,7,5249
ggggggggccchhggggcchgaagghhjaddfffjbdeeefjbddfffibbffiii,10,8,7,5249
aaeeeeaeehhebeffhebeefhgbbeiigeeecigecccdgeddddgeegggg,9,9,6,5287
aadgggaddccgbdeecgbdeccgbdfciiddfccidcffchdcccchdddhhh,9,9,6,5287
ffffeefccggefcddgefffdeeaafdeiaffeeiafeehibffhhfbbffff,9,9,6,5287
aaaahhaddbbhbdbbhhbbbgggcefgiicefggiceffgeceeggecceeee,9,9,6,5287
aaaddbbaadbccadbcaadbbaddabaaaabbbaaaaaa,4,8,5,5291
aaaaaacccaaddcaadaaabdabbbdaabbdddbbbbbb,4,8,5,5291
aaaaaacccaacaaaccaddcbaadcbbadcaaadcccdd,4,8,5,5291
aaaaaacccaabbcaabccabbcaabdccccdddcccccc,4,8,5,5291
aaaaaacccaacaaaacaddacaadbccadbbcadaaaad,4,8,5,5291
aaaaaacccaccaaacbaddcbaadcbbadccaadaaadd,4,8,5,5291
aaaaaacccaacaaabccddbbccddddcddcccdddddd,4,8,5,5291
aaaaaacccaacaaaacaddbcaadbccadbaaadbbddd,4,8,5,5291
ddddddaaaddddadbbdacbddacbdaacbddccbbddd,4,8,5,5291
aaaaaabbbabbaaabdacccdaaccddaccaaacccccc,4,8,5,5291
aaaaaadddabdaaabddddbbccddddcddcccdddddd,4,8,5,5291
aaaccadddcbdcccbddddbbbbddddbddbbbdddddd,4,8,5,5291
aadddabbbdaaabdccabacaabacabbacaaaaccccc,4,8,5,5291
aaaaaacccaabbcabbccabdcaacdccccdddcccccc,4,8,5,5291
aadddabbbdabdddabdaaacddaaccdaadddaaaaaa,4,8,5,5291
ddddddcccddddcdaaccdaccddbcbbbbcccbbbbbb,4,8,5,5291
aaaaaacccaacaaaaccccaaaacbbbadbaaadbbbdd,4,8,5,5291
cccddcaaadcccadbbaadbaaddbabbbbaaabbbbbb,4,8,5,5291
ddddddaaaddddacbbdacbddccbdccdbddddbbbbb,4,8,5,5291
aaaaaadddaadccaaddcaaadccdddbcdbbbcdddcc,4,8,5,5291
aaaccadddcadcccaddddaaaadbbbadbaaadbbddd,4,8,5,5291
bbbbbbccccbcbbcbccbdbbbbddddaddaaadddddd,4,8,5,5291
aaaccadddcadcccddcdddbccddbbcddcccdddddd,4,8,5,5291
aaaaaacccaaddcabdccabdcaabdcccbdddcbbbcc,4,8,5,5291
aaaaaabbbaabaaaabbddaabbdcccbdcbbbcccccc,4,8,5,5291
ddddddcccddddcdaaccdaccddacbbbbcccbbbbbb,4,8,5,5291
bbbbcbaabcbbabcaaadcadddcadcccaddddaaaad,4,8,5,5291
aaaaaacccaacddaaccddaacbdcccbdcbbbdccddd,4,8,5,5291
dddccdbbbcdbcccddcaaadccaaddcaacccaaaaaa,4,8,5,5291
aadddabbbdaaabdccabdcaaddcaddccaaacccccc,4,8,5,5291
aaaaaabbbaaccbabcbbdbcbddbcbbbbcccbbbbbb,4,8,5,5291
bbbbbbcccbbcbbbbcbaabcbbabccaabbaadaaadd,4,8,5,5291
aaaaabbbbabddbabdbbacdbaaccbbbbcccbbbbbb,4,8,5,5291
aaaaaccccacaaaacbbddccbbddddbddbbbdddddd,4,8,5,5291
aacccadddcadcccbdcbbbdccbbddcbbcccbbbbbb,4,8,5,5291
ddddddaaaddacdddacccdaaacdddacaaaacbbbcc,4,8,5,5291
ccccccaaaccccacaaaacaccccacdddbcccdbbbdd,4,8,5,5291
ccccccaaaccccacaaaacaddccadbbbbdddbbbbbb,4,8,5,5291
aaaaabbbbabddbabdbbabdbaabdbbbcdddbcccbb,4,8,5,5291
abbbbabccbaaaccccadccaadccaddccaaacccccc,4,8,5,5291
bbbccbaaacbbcaccccaccaaaccaddccaadcccccc,4,8,5,5291
aaaddbbaadbccadacaadacaddacaaaacccaaaaaa,4,8,5,5291
aaaaaadddaadaaaaddddaabbdcccbdcbbbdccddd,4,8,5,5291
aaaaabbccabddcabdccabdcaabdcccbdddcbbccc,4,8,5,5291
aaaaabbbbabddbacdbbaccbaabcbbbbcccbbbbbb,4,8,5,5291
aadddabbbdaaabdccbbdcbbddcbccccbbbcccccc,4,8,5,5291
aaaaaacccaacaaabcabbbdaabbddabbaaabbbbbb,4,8,5,5291
aaaaaaddddadccdaddcdaadccdddbcdbbbcdddcc,4,8,5,5291
ddddddaaaddddadbbdaabddcabdccbbdddbbbbbb,4,8,5,5291
aadddaddccadbbcaddbcaadbddddbddbbbdddddd,4,8,5,5291
aaaaaacccaaddcaadccaadcaabdcccbdddcbbccc,4,8,5,5291
ddddddaaaddddacbbdccbddcdbdccdbddddbbbbb,4,8,5,5291
bbbddbaaadbbbadaabaaabbcaabccaabbbaaaaaa,4,8,5,5291
dddccdaaacdacccdacdddbccddbbcddcccdddddd,4,8,5,5291
ccccccaaaccccacbbbacbaaacbacccbaaddbbaad,4,8,5,5291
ccccccaaaccccacaaaacaccccbcdddbcccdbbddd,4,8,5,5291
ddddddbbbddddbdaadbbaddcbbdccbbdddbbbbbb,4,8,5,5291
aaaaaaddddadccdaddcbaadbbdddbddbbbdddddd,4,8,5,5291
bbdddbcccdbcdddbbdaaabddaabbdaadddaaaaaa,4,8,5,5291
cccddcaaadcccadbbcddbccdbbcddbbcccbbbbbb,4,8,5,5291
aaaaaadddabdaaabbacccbaaccbbaccaaacccccc,4,8,5,5291
aacccabbbcaaabdbbbbdbddddbdbbbbdddbbbbbb,4,8,5,5291
abbbbaaaaaccccacaacaccacaaaadaadddaaaaaa,4,8,5,5291
aaaaaabbbaaddbaddbbadcbaadcbbbdcccbdddbb,4,8,5,5291
bbbccbaaacbbbadaaaadaddddadaaaadddaaaaaa,4,8,5,5291
addddadbbdaddbbaadcbdddcbdbccbdbbbbddddd,4,8,5,5291
aaaaaacccabcaaabcaddbcaadbccadbaaabbbbbb,4,8,5,5291
aaaaaabbbaaccbaacbbaadbaaadbbbbdddbbbbbb,4,8,5,5291
aaaaaabbbaaccbdbcbbdbcbddbcbbbbcccbbbbbb,4,8,5,5291
ddddddaaaddddadbbdadbddadbdaacbdddcbbccc,4,8,5,5291
aabbbadddbadbbbadbccbdbbcbddbcbbbbcccccc,4,8,5,5291
aabbbabbddaaaadcccadcaaadcadddcaaaaccccc,4,8,5,5291
bbbbbbcccbbcbbbbcccdbbbcdaabddabbdaaaaaa,4,8,5,5291
aaaaaacccaacaaabcaddbcaadbccadbaaadbbddd,4,8,5,5291
aaaccadddcadcccadcbbadccbbddcbbcccbbbbbb,4,8,5,5291
ddddddbbbddccbddcbbddcbddddbbbadddbaaabb,4,8,5,5291
ddddddaaaddddadbbdadbddcdbdccbbdddbbbbbb,4,8,5,5291
ddddddaaaddddadbbdacbddccbdccdbddddbbbbb,4,8,5,5291
aabbbadddbadbbbadbccadbbcbddbcbbbbcccccc,4,8,5,5291
aaaaaadddaadccaaddcbaadcbdddbbdbbbdddddd,4,8,5,5291
aacccadddcbdcccbddddbbbbddddbddbbbdddddd,4,8,5,5291
dddbbdcccbdddcbaadcbaddcbbdccbbdddbbbbbb,4,8,5,5291
aaaaaadddaadaaaaddddaaaadbbbadbaaacbbccc,4,8,5,5291
aaaaabbbbaccccacaacaccadaaaadaadddaaaaaa,4,8,5,5291
ddddddcccddddcdaaccdaddddadbbbbdddbbbbbb,4,8,5,5291
aabbbadddbadccbaddcbaadcbdddbbdbbbdddddd,4,8,5,5291
aaaaaacccaacaaaaccddaabbddddbddbbbdddddd,4,8,5,5291
aaaaaaddddadccdaddccaadbcdddbcdbbbcdddcc,4,8,5,5291
aaaaabbbbabccbaccbbacdbaacdbbbbdddbbbbbb,4,8,5,5291
ddddddaaaddbbacdbaacddaccadaaaadddaaaaaa,4,8,5,5291
bbbbbbaaabbbbabaaaadaccddacaaaacccaaaaaa,4,8,5,5291
aaaaaabbbaabaaabbaccbdaacaddacaaaacccccc,4,8,5,5291
aaaaaadddabdaaabdaccbbaacabbacaaaacccccc,4,8,5,5291
abbbbabddbabdbbacdddacccddddcddcccdddddd,4,8,5,5291
aaaaaaccbbacddbaccdbaacbbcccbccbbbcccccc,4,8,5,5291
aaaaaaddddadccdaddcbaadcbdddbbdbbbdddddd,4,8,5,5291
ddddddbbbddddbbaadcbaddcbbdccbbdddbbbbbb,4,8,5,5291
aaaaaadddaadccaaddcbaadbbdddbddbbbdddddd,4,8,5,5291
ddddddaaaddddadbbdcdbddcbbdccbbdddbbbbbb,4,8,5,5291
accccaaaacdddacdaaacdabbcdaabcddbbcbbbcc,4,8,5,5291
ddddddcccddddcdaaacdacccdbcdddbccccbbbbc,4,8,5,5291
aaaaaacccaacbbaaccbaaacbacccaacaaadcccdd,4,8,5,5291
aaaaaacccaaddcaadccabdcaabbccccbbbcccccc,4,8,5,5291
aadddabbbdaaabdccaddcaadacaddacaaaaccccc,4,8,5,5291
aaaaaacccaacaaaadabbadaabbddabbaaabbbbbb,4,8,5,5291
ccccccaaaccccacbbaadbddddbdbbbbdddbbbbbb,4,8,5,5291
aaaaaaabbbbabbdaaabddaffbdeaafcdeeafcddaafccaaff,6,8,6,5770
aaffffaffeeeafccceafffcebbbfcebfffdebfdddebfffee,6,8,6,5770
eeeeeeecccceeeeecdaaaeddaddedfbdeedfbddddfbbbfff,6,8,6,5770
aaddddaddffdadccfdbddcffbcccefbceeefbccfffbbcccc,6,8,6,5770
aaaaccdddaacdcccccdcffffddfeefbdffedbddeedbbdddd,6,8,6,5770
ddddeedccddedceededceddeddeeeeaddfffaabbbfbbbfff,6,8,6,5770
ddddffdbbeefdbffefddfeefadffffadccccaddddcaaaccc,6,8,6,5770
aaddffaddeefadcceeaddcdeaadcdddddcbddbbbbddddddd,6,8,6,5770
aaaaaaaccccaaceaaaaceaffadeaafbdeeafbddaafbbaaff,6,8,6,5770
aaadddaeeeedaeccedaeecedaaecbdeeebbfebbbefeeeeef,6,8,6,5770
aaccccaffffcafddfeaffdeeaafeeffffebffbbbbfffffff,6,8,6,5770
adddffadaaafadaccfaaacffbbbcccbebbbcceeebccccccc,6,8,6,5770
aaaaffbbbbbfbeeebfcebbbfcebccfccbbcddccccddddddd,6,8,6,5770
aaaaaaccceeacbcceacbbcecccbcccbbbdddbdddfdbbbffd,6,8,6,5770
aabbbbaddddbbdebbbbdebffbbebbfcbeebfcbbbbfccccff,6,8,6,5770
aaadddaccccdadddddadeeeeadebbeadeebebddbbfbbbbff,6,8,6,5770
aaaaaaaddeeaadcceabddceebbdcfedddcfedcccfedddeee,6,8,6,5770
aaccffaddccfadaacfaddaccaaaabceeeebcebbbbceeeccc,6,8,6,5770
ddddffdccddfdcbbdddccbaddddbaaaabbeaabbeeaaaaaaa,6,8,6,5770
aaaaeeaccaaeacddaeaccdaeaaddeedddeefdbbbbfdddfff,6,8,6,5770
dddddddccffddcffddddfeeeadfaaeaaffabbaaaabbbbbbb,6,8,6,5770
aaaaffaddaafadeeafddeaaedbeeeedbbbdddccccddddddd,6,8,6,5770
aaddddaffffdafeefdbffefdbbeeddeeeddeecccceeeeeee,6,8,6,5770
ccccddcaaccdcaddddcaffffcafeefcbffebcbbeebccbbbb,6,8,6,5770
aaaaffaccaafbcbbafbdbaafbdbbffbddbbbbeeeebbbbbbb,6,8,6,5770
aaeeeeaeeffeeeddfeebdffeebbfeeecbbbbeccccbeeebbb,6,8,6,5770
aaaaaaaceeeaaceaaaaccaffadcaafbdccadbddaadbbdddd,6,8,6,5770
eeeeeeeaaaaeeeecadbbecadbeecddbeccdfbeeddfbbeeff,6,8,6,5770
cccaaacaaaffcccccfbbbbccbddbecbdbbecbddeecbbeecc,6,8,6,5770
ccccffcaaccfcaddcfcadccfcaecffcbeeeecbbbbecceeee,6,8,6,5770
aaaaaaabcccabbcaaabccaffcceaafcdeeafaddaafaaaaff,6,8,6,5770
aaaaffaeeaafaeffffbeeeeebbbbbeccddbecddbbeccbbee,6,8,6,5770
eeebbbeccccbecebbbeeebffaaabbfadaabfbddbbfbbbbff,6,8,6,5770
ccddddcddffdcdbbfdccbffdacbbddaccbbbaaeeebbbbbbb,6,8,6,5770
aadddeeabbbddeaaeeeeecccciiicffhhhicfggghicffhhhicchhiii,9,8,7,5833
aaaeeeeabffffebbfhhfibcfhfficcfhhiicdffccccddgggcccccccc,9,8,7,5833
ddddddddfffggddfcccgddfffcgddddccddaaeeddiabbeeiiaabbhhh,9,8,7,5833
aaaaaaaagggbbaageeebibgggbbibbbbbiiccfffffcdddhhfccchhff,9,8,7,5833
accchhhachhhfhachfffgachhgggacchhiiabddddiabbeeeiaaeeiii,9,8,7,5833
aaaffffadddggfbdeeegfbdggegfbbgeegfcbggggicbbhhiiccbbhhh,9,8,7,5833
aaadddadddffadeeefbdefffbeefhhbegffhbfggfhcffffhcccchh,8,9,6,5948
aaagggabbbbbabeeebabebbbbbfbhhcdfbbhcdffbccddbbccccccc,8,9,6,5948
bbeehhbeeffhbeccfhbeecfgbbeccgaeedcgaeddegaeeeegaaaggg,8,9,6,5948
aaaabbaccccbacdddbaddbbbbdfbggbefbbgbeffbgbeebbhbbbbhh,8,9,6,5948
aaehhhaeegghbeffghbeefggbbefcgeeeccgecccdgeddddgeegggg,8,9,6,5948
aaadhhaeeddhbeffdcbeefdcbbeddceeedccedddcgeecccgcccggg,8,9,6,5948
bbggggbggeegbgddeebggdchbbgdchgggcchgcccghgggggfaaafff,8,9,6,5948
bbbeeebhhhhebhddhebhhddebbhffehhhcfhhccchhhhhhhgaaaggg,8,9,6,5948
aaagggabbbbgabffbgbbfbbhbdfbhhbddbbbbeddcbceeccbccccbb,8,9,6,5948
aaeeeeaffhheafgghhbffgchbbfccffffcdffcccdffddddfffffff,8,9,6,5948
bbccccbccffcbbbbfcaddbfcadbbgcaebggbaebbbbaeehhhaaaaaa,8,9,6,5948
aaffffabbddfbbccdhbccddhccgdhhcegdddcegggddeeeeddddddd,8,9,6,5948
aabfffabbggfabccgfabcgghaddghhadegggadeeegadddggaaaddd,8,9,6,5948
aabbbbaccccbacdddbbcdbbbbddbggbdfbbgbeffbhbeebbhbbbbhh,8,9,6,5948
aaeeeeaeeggeaeffggbeeffgbbedfgeeedggedddgheeggghcccchh,8,9,6,5948
aaeehhaffeehafggehbfgeehbffehhbdfeeecdfffecddddeccceee,8,9,6,5948
ddddeedccddedcfffeddfeeeadgehhaegeehaeggebbeeeebbbbbbb,8,9,6,5948
aaggggaggeegagddegaggdegbbgeehbggefhbgeefhcggffhccgghh,8,9,6,5948
aaeeeeaeecccaefffcbefcccbefchhbegcchccggcddccccddddddd,8,9,6,5948